rule_idx	rule	rule_regex	rule_len	hits	scope	accuracy10.0
208	p -> h / X __ [-C/V, +syllabic, -stress, -long, -consonantal, +sonorant, +continuant, +approximant, -tap, -trill, +voice, -spread.gl, -constr.gl, -labiodental, -CORONAL, -lateral, +DORSAL] X	p -> h /  __ (a|o|e|u|ɨ|i|ã|õ|ĩ|ũ|ɨ̃|ẽ)	190	15.0	15.0	0.6
486	t͡s -> j / [+begin/end] __ [-C/V, +syllabic, -stress, -long, -consonantal, +sonorant, +continuant, +approximant, -tap, -trill, +voice, -spread.gl, -constr.gl, -LABIAL, -round, -labiodental, -CORONAL, -lateral, +DORSAL, -back] X	t͡s -> j / (⋊) __ (a|e|ɨ|i|ã|ĩ|ɨ̃|ẽ)	227	9.0	13.0	0.391304347826087
278	kˀ -> k / X __ [-C/V, +syllabic, -stress, -long, -consonantal, +sonorant, +continuant, +approximant, -tap, -trill, +voice, -spread.gl, -constr.gl, -labiodental, -CORONAL, -lateral, +DORSAL, -front] X	kˀ -> k /  __ (a|o|u|ɨ|ã|õ|ũ|ɨ̃)	199	8.0	11.0	0.3809523809523809
308	k -> kʰ / X __ [-C/V, +syllabic, -stress, -long, -consonantal, +sonorant, +continuant, +approximant, -tap, -trill, +voice, -spread.gl, -constr.gl, -labiodental, -CORONAL, -lateral, +DORSAL, -front] X	k -> kʰ /  __ (a|o|u|ɨ|ã|õ|ũ|ɨ̃)	199	8.0	11.0	0.3809523809523809
16	tˀ -> ɾ / [+begin/end] __ [-C/V, +syllabic, -stress, -long, -consonantal, +sonorant, +continuant, +approximant, -tap, -trill, +voice, -spread.gl, -constr.gl, -labiodental, -CORONAL, -lateral, +DORSAL, -low, +tense] X	tˀ -> ɾ / (⋊) __ (o|e|u|ɨ|i|õ|ĩ|ũ|ɨ̃|ẽ)	216	6.0	6.0	0.375
375	t -> tʰ / X __ X	t -> tʰ /  __ 	16	7.0	9.0	0.3684210526315789
85	pˀ -> h / X __ [-C/V, +syllabic, -stress, -long, -consonantal, +sonorant, +continuant, +approximant, -tap, -trill, -nasal, +voice, -spread.gl, -constr.gl, -labiodental, -CORONAL, -lateral, +DORSAL, -front] X	pˀ -> h /  __ (a|o|u|ɨ)	207	7.0	9.0	0.3684210526315789
437	pˀ -> p / [+begin/end] __ [-C/V, +syllabic, -stress, -long, -consonantal, +sonorant, +continuant, +approximant, -tap, -trill, +voice, -spread.gl, -constr.gl, -labiodental, -CORONAL, -lateral, +DORSAL] X	pˀ -> p / (⋊) __ (a|o|e|u|ɨ|i|ã|õ|ĩ|ũ|ɨ̃|ẽ)	202	7.0	10.0	0.35
39	t͡s -> s / X __ [-C/V, +syllabic, -stress, -long, -consonantal, +sonorant, +continuant, +approximant, -tap, -trill, +voice, -spread.gl, -constr.gl, -labiodental, -CORONAL, -lateral, +DORSAL, -front] X	t͡s -> s /  __ (a|o|u|ɨ|ã|õ|ũ|ɨ̃)	200	7.0	10.0	0.35
408	kː -> kʰ / X [-C/V, +syllabic, -stress, -long, -consonantal, +sonorant, +continuant, +approximant, -tap, -trill, -nasal, +voice, -spread.gl, -constr.gl, -labiodental, -CORONAL, -lateral, +DORSAL] __ [-C/V, +syllabic, -stress, -long, -consonantal, +sonorant, +continuant, +approximant, -tap, -trill, -nasal, +voice, -spread.gl, -constr.gl, -labiodental, -CORONAL, -lateral, +DORSAL, -low, +tense] X	kː -> kʰ / (a|o|e|u|ɨ|i) __ (o|e|u|ɨ|i)	397	5.0	6.0	0.3125
459	ã -> a / X [+C/V, -syllabic, -stress, -long, -tap, -trill, -nasal, -spread.gl, -constr.gl, -labiodental, -lateral] __ [+C/V, -syllabic, -stress, +consonantal, -continuant, -approximant, -tap, -trill, -spread.gl, -round, -labiodental, -lateral] X	ã -> a / (k|ɡ|ɸ|t|s|p|d|b|t͡ʃ|t͡s|w|j|kʲ|kʷ|tʲ) __ (ɲ|ŋ|n|m|ʔ|k|ɡ|t|p|d|b|t͡ʃ|t͡s|kː|tː|kʲ|kˀ|pˀ|tʲ|tˀ|ˀb|ˀd|ˀk|ˀm|ˀn|ˀp|ˀt|ˀŋ|ˀɡ)	245	4.0	4.0	0.2857142857142857
41	t͡s -> s / X __ [-C/V, +syllabic, -stress, -long, -consonantal, +sonorant, +continuant, +approximant, -tap, -trill, +voice, -spread.gl, -constr.gl, -labiodental, -CORONAL, -lateral, +DORSAL] X	t͡s -> s /  __ (a|o|e|u|ɨ|i|ã|õ|ĩ|ũ|ɨ̃|ẽ)	192	8.0	18.0	0.2857142857142857
235	ɨ -> i / [+begin/end] [+C/V, -syllabic, -stress, -long, +consonantal, -sonorant, -continuant, +delayed.release, -approximant, -tap, -trill, -nasal, -voice, -spread.gl, -constr.gl, -LABIAL, -round, -labiodental, +CORONAL, -anterior, +distributed, +strident, -lateral, -DORSAL] __ X	ɨ -> i / (⋊) (t͡ʃ) __ 	280	3.0	2.0	0.25
479	t͡ʃ -> s / [+begin/end] __ [-C/V, +syllabic, -stress, -long, -consonantal, +sonorant, +continuant, +approximant, -tap, -trill, +voice, -spread.gl, -constr.gl, -labiodental, -CORONAL, -lateral, +DORSAL, -low, -front, +tense] X	t͡ʃ -> s / (⋊) __ (o|u|ɨ|õ|ũ|ɨ̃)	225	3.0	3.0	0.2307692307692307
444	ɨ -> ɨ̃ / X [+C/V, -syllabic, -stress, -long, +consonantal, -sonorant, -continuant, -delayed.release, -approximant, -tap, -trill, -nasal, -voice, -spread.gl, +LABIAL, -round, -labiodental, -CORONAL, -lateral, -DORSAL] __ X	ɨ -> ɨ̃ / (p|pˀ|ˀp) __ 	222	3.0	4.0	0.2142857142857142
29	a -> ã / X [+C/V, -syllabic, -stress, -long, -tap, -trill, -nasal, -spread.gl, -constr.gl, -LABIAL, -round, -labiodental, -lateral] __ [+C/V, -syllabic, -stress, +consonantal, -approximant, -tap, -trill, -spread.gl, -constr.gl, -round, -labiodental, -lateral] X	a -> ã / (k|ɡ|t|s|d|t͡ʃ|t͡s|j|kʲ|tʲ) __ (ɲ|ŋ|n|m|k|ɡ|ɸ|t|s|p|d|b|t͡ʃ|t͡s|kː|tː|kʲ|tʲ)	261	3.0	4.0	0.2142857142857142
414	tː -> tʰ / X [-C/V, +syllabic, -stress, -long, -consonantal, +sonorant, +continuant, +approximant, -tap, -trill, +voice, -spread.gl, -constr.gl, -labiodental, -CORONAL, -lateral, +DORSAL, -front] __ [-C/V, +syllabic, -stress, -long, -consonantal, +sonorant, +continuant, +approximant, -tap, -trill, -nasal, +voice, -spread.gl, -constr.gl, -LABIAL, -round, -labiodental, -CORONAL, -lateral, +DORSAL, -low, +front, -back, +tense] X	tː -> tʰ / (a|o|u|ɨ|ã|õ|ũ|ɨ̃) __ (e|i)	429	3.0	4.0	0.2142857142857142
234	ɨ -> i / X [+C/V, -syllabic, -stress, -long, -tap, -trill, -nasal, -spread.gl, -constr.gl, -LABIAL, -round, -labiodental, -lateral] __ X	ɨ -> i / (k|ɡ|t|s|d|t͡ʃ|t͡s|j|kʲ|tʲ) __ 	136	4.0	12.0	0.1818181818181818
237	ɨ -> i / X [+C/V, -syllabic, -stress, -long, -tap, -trill, -nasal, -spread.gl, -LABIAL, -round, -labiodental, -lateral] __ X	ɨ -> i / (ʔ|k|ɡ|t|s|d|t͡ʃ|t͡s|j|kʲ|kˀ|sˀ|tʲ|tˀ|ˀd|ˀj|ˀk|ˀs|ˀt|ˀɡ) __ 	124	5.0	18.0	0.1785714285714285
224	kː -> k / X [-C/V, +syllabic, -stress, -long, -consonantal, +sonorant, +continuant, +approximant, -tap, -trill, +voice, -spread.gl, -constr.gl, -labiodental, -CORONAL, -lateral, +DORSAL, -low, +tense] __ [-C/V, +syllabic, -stress, -long, -consonantal, +sonorant, +continuant, +approximant, -tap, -trill, -nasal, +voice, -spread.gl, -constr.gl, -labiodental, -CORONAL, -lateral, +DORSAL, -low, -front, +tense] X	kː -> k / (o|e|u|ɨ|i|õ|ĩ|ũ|ɨ̃|ẽ) __ (o|u|ɨ)	410	3.0	7.0	0.1764705882352941
290	o -> õ / X [+C/V, -syllabic, -stress, -long, +consonantal, -sonorant, -continuant, -delayed.release, -approximant, -tap, -trill, -nasal, -voice, -spread.gl, -LABIAL, -round, -labiodental, -CORONAL, -lateral, +DORSAL, +high, -low] __ [+C/V, -syllabic, -stress, -long, +consonantal, +sonorant, -continuant, -approximant, -tap, -trill, +nasal, +voice, -spread.gl, -constr.gl, -LABIAL, -round, -labiodental, +CORONAL, +anterior, -distributed, -strident, -lateral, -DORSAL] [-C/V, +syllabic, -stress, -long, -consonantal, +sonorant, +continuant, +approximant, -tap, -trill, -nasal, +voice, -spread.gl, -constr.gl, -LABIAL, -round, -labiodental, -CORONAL, -lateral, +DORSAL, -high, -low, +front, -back, +tense] [-begin/end]	o -> õ / (k|kʲ|kˀ|ˀk) __ (n) (e) (⋉)	717	2.0	2.0	0.1666666666666666
287	tˀ -> t / X [+C/V, -syllabic, -stress, -long, +consonantal, -continuant, -approximant, -tap, -trill, -spread.gl, -round, -labiodental, -CORONAL, -lateral] [-C/V, +syllabic, -stress, -long, -consonantal, +sonorant, +continuant, +approximant, -tap, -trill, -nasal, +voice, -spread.gl, -constr.gl, -LABIAL, -round, -labiodental, -CORONAL, -lateral, +DORSAL, +high, -low, -front, -back, +tense] __ [-C/V, +syllabic, -stress, -long, -consonantal, +sonorant, +continuant, +approximant, -tap, -trill, -nasal, +voice, -spread.gl, -constr.gl, -labiodental, -CORONAL, -lateral, +DORSAL, -high, -front] X	tˀ -> t / (ŋ|m|ʔ|k|ɡ|p|b|kʲ|kˀ|pˀ|ˀb|ˀk|ˀm|ˀp|ˀŋ|ˀɡ) (ɨ) __ (a|o)	593	2.0	2.0	0.1666666666666666
347	e -> ẽ / X [+C/V, -syllabic, -stress, -long, +consonantal, -sonorant, -continuant, -delayed.release, -approximant, -tap, -trill, -nasal, -voice, -spread.gl, -constr.gl, -labiodental, -CORONAL, -lateral] __ [+C/V, -syllabic, -stress, -long, +consonantal, -sonorant, -continuant, -delayed.release, -approximant, -tap, -trill, -nasal, -voice, -spread.gl, -constr.gl, -LABIAL, -round, -labiodental, -lateral, +high] X	e -> ẽ / (k|p|kʲ|kʷ) __ (k|kʲ|tʲ)	413	2.0	2.0	0.1666666666666666
453	õ -> ũ / X [+C/V, -syllabic, -stress, -long, +consonantal, -sonorant, -continuant, -approximant, -tap, -trill, -nasal, -voice, -spread.gl, -round, -labiodental, -lateral, -DORSAL] __ [+C/V, -syllabic, -stress, -long, +consonantal, -sonorant, -approximant, -tap, -trill, -nasal, -voice, -spread.gl, -round, -labiodental, -lateral, -DORSAL] X	õ -> ũ / (ʔ|t|p|t͡ʃ|t͡s|pˀ|tʲ|tˀ|ˀp|ˀt) __ (ʔ|ɸ|t|s|p|t͡ʃ|t͡s|pˀ|sˀ|tʲ|tˀ|ˀp|ˀs|ˀt)	340	2.0	2.0	0.1666666666666666
74	ˀj -> j / X [-C/V, +syllabic, -stress, -long, -consonantal, +sonorant, +continuant, +approximant, -tap, -trill, -nasal, +voice, -spread.gl, -constr.gl, -LABIAL, -round, -labiodental, -CORONAL, -lateral, +DORSAL, +high, -low, -front, -back, +tense] __ [-C/V, +syllabic, -stress, -long, -consonantal, +sonorant, +continuant, +approximant, -tap, -trill, -nasal, +voice, -spread.gl, -constr.gl, -labiodental, -CORONAL, -lateral, +DORSAL, -high, -low, +tense] X	ˀj -> j / (ɨ) __ (o|e)	456	2.0	2.0	0.1666666666666666
502	s -> ˀs / X [-C/V, +syllabic, -stress, -long, -consonantal, +sonorant, +continuant, +approximant, -tap, -trill, +voice, -spread.gl, -constr.gl, -LABIAL, -round, -labiodental, -CORONAL, -lateral, +DORSAL, -high, -back] __ [-C/V, +syllabic, -stress, -long, -consonantal, +sonorant, +continuant, +approximant, -tap, -trill, -nasal, +voice, -spread.gl, -constr.gl, -LABIAL, -round, -labiodental, -CORONAL, -lateral, +DORSAL, -high, -back] X	s -> ˀs / (a|e|ã|ẽ) __ (a|e)	436	2.0	4.0	0.1428571428571428
288	o -> õ / X [+C/V, -syllabic, -stress, -long, +consonantal, -sonorant, -continuant, -delayed.release, -approximant, -tap, -trill, -nasal, -voice, -spread.gl, -constr.gl, -round, -labiodental, -CORONAL, -lateral] __ X	o -> õ / (k|p|kʲ) __ 	215	2.0	4.0	0.1428571428571428
30	a -> ã / X [+C/V, -syllabic, -stress, -long, -tap, -trill, -nasal, -spread.gl, -constr.gl, -LABIAL, -round, -labiodental, -lateral] __ X	a -> ã / (k|ɡ|t|s|d|t͡ʃ|t͡s|j|kʲ|tʲ) __ 	136	4.0	18.0	0.1428571428571428
2	kˀ -> ∅ / [+begin/end] __ [-C/V, +syllabic, -stress, -long, -consonantal, +sonorant, +continuant, +approximant, -tap, -trill, -nasal, +voice, -spread.gl, -constr.gl, +LABIAL, +round, -labiodental, -CORONAL, -lateral, +DORSAL, -high, -low, -front, +back, +tense] X	kˀ -> ∅ / (⋊) __ (o)	263	2.0	5.0	0.1333333333333333
72	ɨ -> u / X [+C/V, -syllabic, -stress, -long, +consonantal, -sonorant, -continuant, -approximant, -tap, -trill, -nasal, -voice, -spread.gl, -LABIAL, -round, -labiodental, +CORONAL, +anterior, -distributed, -lateral, -DORSAL] __ X	ɨ -> u / (t|t͡s|tʲ|tˀ|ˀt) __ 	228	2.0	6.0	0.125
280	ɨ -> ũ / X [+C/V, -syllabic, -stress, -long, +consonantal, -sonorant, -continuant, -delayed.release, -approximant, -tap, -trill, -nasal, -voice, -spread.gl, +constr.gl, -round, -labiodental, -CORONAL, -lateral] __ X	ɨ -> ũ / (ʔ|kˀ|pˀ|ˀk|ˀp) __ 	215	2.0	6.0	0.125
23	j -> ɲ / X __ [-C/V, +syllabic, -stress, -long, -consonantal, +sonorant, +continuant, +approximant, -tap, -trill, -nasal, +voice, -spread.gl, -constr.gl, -LABIAL, -round, -labiodental, -CORONAL, -lateral, +DORSAL, -high, +low, -front, -back] X	j -> ɲ /  __ (a)	243	2.0	7.0	0.1176470588235294
335	∅ -> i / X [+C/V, -syllabic, -stress, +consonantal, -sonorant, -continuant, -approximant, -tap, -trill, -nasal, -voice, -spread.gl, -constr.gl, -LABIAL, -round, -labiodental, -lateral] __ [-C/V, +syllabic, -stress, -long, -consonantal, +sonorant, +continuant, +approximant, -tap, -trill, -nasal, +voice, -spread.gl, -constr.gl, -LABIAL, -round, -labiodental, -CORONAL, -lateral, +DORSAL, +high, -low, -front, -back, +tense] [-begin/end]	∅ -> i / (k|t|t͡ʃ|t͡s|kː|tː|kʲ|tʲ) __ (ɨ) (⋉)	436	2.0	8.0	0.1111111111111111
289	o -> õ / X [+C/V, -syllabic, -stress, -long, +consonantal, -sonorant, -continuant, -delayed.release, -approximant, -tap, -trill, -nasal, -voice, -spread.gl, -round, -labiodental, -CORONAL, -lateral] __ X	o -> õ / (ʔ|k|p|kʲ|kˀ|pˀ|ˀk|ˀp) __ 	203	3.0	17.0	0.1111111111111111
450	a -> o / X [+C/V, -syllabic, -stress, -long, -tap, -trill, -nasal, -spread.gl, -constr.gl, -round, -labiodental, -CORONAL, -lateral] __ [-begin/end]	a -> o / (k|ɡ|ɸ|p|b|j|kʲ) __ (⋉)	148	2.0	8.0	0.1111111111111111
351	u -> o / X __ X	u -> o /  __ 	15	2.0	9.0	0.1052631578947368
297	i -> ĩ / [+begin/end] [+C/V, -syllabic, -stress, -long, +consonantal, -sonorant, -continuant, -delayed.release, -approximant, -tap, -trill, -nasal, -voice, -spread.gl, +constr.gl, -LABIAL, -round, -labiodental, -CORONAL, -lateral, +DORSAL, +high, -low] [-C/V, +syllabic, -stress, -long, -consonantal, +sonorant, +continuant, +approximant, -tap, -trill, +nasal, +voice, -spread.gl, -constr.gl, +LABIAL, +round, -labiodental, -CORONAL, -lateral, +DORSAL, -high, -low, -front, +back, +tense] [+C/V, -syllabic, -stress, -long, +consonantal, -sonorant, -continuant, -delayed.release, -approximant, -tap, -trill, -nasal, -voice, -spread.gl, -constr.gl, +LABIAL, -round, -labiodental, -CORONAL, -lateral, -DORSAL] __ [-begin/end]	i -> ĩ / (⋊) (kˀ|ˀk) (õ) (p) __ (⋉)	722	1.0	1.0	0.0909090909090909
329	∅ -> ʔ / [+begin/end] [+C/V, -syllabic, -stress, -long, +consonantal, -sonorant, -continuant, -delayed.release, -approximant, -tap, -trill, -nasal, -voice, -spread.gl, -constr.gl, -LABIAL, -round, -labiodental, -CORONAL, -lateral, +DORSAL, +high, -low] [-C/V, +syllabic, -stress, -long, -consonantal, +sonorant, +continuant, +approximant, -tap, -trill, +nasal, +voice, -spread.gl, -constr.gl, +LABIAL, +round, -labiodental, -CORONAL, -lateral, +DORSAL, +high, -low, -front, +back, +tense] __ [-begin/end]	∅ -> ʔ / (⋊) (k|kʲ) (ũ) __ (⋉)	504	1.0	1.0	0.0909090909090909
298	ʔ -> ɾ / [+begin/end] [+C/V, -syllabic, -stress, -long, +consonantal, -sonorant, -continuant, -delayed.release, -approximant, -tap, -trill, -nasal, -voice, -spread.gl, +constr.gl, -LABIAL, -round, -labiodental, -CORONAL, -lateral, +DORSAL, +high, -low] [-C/V, +syllabic, -stress, -long, -consonantal, +sonorant, +continuant, +approximant, -tap, -trill, -nasal, +voice, -spread.gl, -constr.gl, +LABIAL, +round, -labiodental, -CORONAL, -lateral, +DORSAL, -high, -low, -front, +back, +tense] __ [-C/V, +syllabic, -stress, -long, -consonantal, +sonorant, +continuant, +approximant, -tap, -trill, -nasal, +voice, -spread.gl, -constr.gl, +LABIAL, +round, -labiodental, -CORONAL, -lateral, +DORSAL, -high, -low, -front, +back, +tense] [-begin/end]	ʔ -> ɾ / (⋊) (kˀ|ˀk) (o) __ (o) (⋉)	740	1.0	1.0	0.0909090909090909
245	∅ -> o / [+begin/end] [+C/V, -syllabic, -stress, -long, +consonantal, -sonorant, -continuant, -delayed.release, -approximant, -tap, -trill, -nasal, -voice, -spread.gl, +constr.gl, -LABIAL, -round, -labiodental, +CORONAL, +anterior, -distributed, -strident, -lateral, -DORSAL] [-C/V, +syllabic, -stress, -long, -consonantal, +sonorant, +continuant, +approximant, -tap, -trill, +nasal, +voice, -spread.gl, -constr.gl, +LABIAL, +round, -labiodental, -CORONAL, -lateral, +DORSAL, -high, -low, -front, +back, +tense] [+C/V, -syllabic, -stress, -long, +consonantal, +sonorant, -continuant, -approximant, -tap, -trill, +nasal, +voice, -spread.gl, -constr.gl, +LABIAL, -round, -labiodental, -CORONAL, -lateral, -DORSAL] [-C/V, +syllabic, -stress, -long, -consonantal, +sonorant, +continuant, +approximant, -tap, -trill, -nasal, +voice, -spread.gl, -constr.gl, -LABIAL, -round, -labiodental, -CORONAL, -lateral, +DORSAL, +high, -low, +front, -back, +tense] __ [-begin/end]	∅ -> o / (⋊) (tˀ|ˀt) (õ) (m) (i) __ (⋉)	963	1.0	1.0	0.0909090909090909
296	kˀ -> kʰ / X __ X	kˀ -> kʰ /  __ 	17	2.0	12.0	0.0909090909090909
246	∅ -> o / [+begin/end] [+C/V, -syllabic, -stress, -long, +consonantal, -sonorant, +continuant, +delayed.release, -approximant, -tap, -trill, -nasal, -voice, -spread.gl, -constr.gl, -LABIAL, -round, -labiodental, +CORONAL, +anterior, -distributed, +strident, -lateral, -DORSAL] [-C/V, +syllabic, -stress, -long, -consonantal, +sonorant, +continuant, +approximant, -tap, -trill, -nasal, +voice, -spread.gl, -constr.gl, +LABIAL, +round, -labiodental, -CORONAL, -lateral, +DORSAL, -high, -low, -front, +back, +tense] [+C/V, -syllabic, -stress, -long, +consonantal, -sonorant, -continuant, -delayed.release, -approximant, -tap, -trill, -nasal, -voice, -spread.gl, -constr.gl, -LABIAL, -round, -labiodental, +CORONAL, +anterior, -distributed, -strident, -lateral, -DORSAL] __ [-begin/end]	∅ -> o / (⋊) (s) (o) (t|tʲ) __ (⋉)	781	1.0	1.0	0.0909090909090909
253	ɨ̃ -> ũ / [+begin/end] [+C/V, -syllabic, -stress, -long, -consonantal, +sonorant, +continuant, +approximant, -tap, -trill, -nasal, +voice, -spread.gl, -constr.gl, -LABIAL, -round, -labiodental, -CORONAL, -lateral, +DORSAL, +high, -low, +front, -back, +tense] __ [+C/V, -syllabic, -stress, -long, +consonantal, -sonorant, -continuant, -delayed.release, -approximant, -tap, -trill, -nasal, -voice, -spread.gl, -constr.gl, -LABIAL, -round, -labiodental, -CORONAL, -lateral, +DORSAL, +high, -low] [-C/V, +syllabic, -stress, -long, -consonantal, +sonorant, +continuant, +approximant, -tap, -trill, -nasal, +voice, -spread.gl, -constr.gl, -LABIAL, -round, -labiodental, -CORONAL, -lateral, +DORSAL, -high, +low, -front, -back] [-begin/end]	ɨ̃ -> ũ / (⋊) (j) __ (k|kʲ) (a) (⋉)	733	1.0	1.0	0.0909090909090909
334	∅ -> i / [+begin/end] [-C/V, +syllabic, -stress, -long, -consonantal, +sonorant, +continuant, +approximant, -tap, -trill, -nasal, +voice, -spread.gl, -constr.gl, +LABIAL, +round, -labiodental, -CORONAL, -lateral, +DORSAL, -high, -low, -front, +back, +tense] __ [-begin/end]	∅ -> i / (⋊) (o) __ (⋉)	273	1.0	1.0	0.0909090909090909
355	∅ -> a / [+begin/end] [+C/V, -syllabic, -stress, -long, +consonantal, +sonorant, -continuant, -approximant, -tap, -trill, +nasal, +voice, -spread.gl, -constr.gl, -LABIAL, -round, -labiodental, +CORONAL, +anterior, -distributed, -strident, -lateral, -DORSAL] [-C/V, +syllabic, -stress, -long, -consonantal, +sonorant, +continuant, +approximant, -tap, -trill, -nasal, +voice, -spread.gl, -constr.gl, -LABIAL, -round, -labiodental, -CORONAL, -lateral, +DORSAL, +high, -low, -front, -back, +tense] [+C/V, -syllabic, -stress, -long, +consonantal, -sonorant, -continuant, -delayed.release, -approximant, -tap, -trill, -nasal, -voice, -spread.gl, +constr.gl, -LABIAL, -round, -labiodental, -CORONAL, -lateral, +DORSAL, +high, -low] __ [-begin/end]	∅ -> a / (⋊) (n) (ɨ) (kˀ|ˀk) __ (⋉)	740	1.0	1.0	0.0909090909090909
346	∅ -> i / [+begin/end] [+C/V, -syllabic, -stress, -long, +consonantal, -sonorant, -continuant, -delayed.release, -approximant, -tap, -trill, -nasal, -voice, -spread.gl, -constr.gl, +LABIAL, -round, -labiodental, -CORONAL, -lateral, -DORSAL] [-C/V, +syllabic, -stress, -long, -consonantal, +sonorant, +continuant, +approximant, -tap, -trill, -nasal, +voice, -spread.gl, -constr.gl, +LABIAL, +round, -labiodental, -CORONAL, -lateral, +DORSAL, +high, -low, -front, +back, +tense] __ [-begin/end]	∅ -> i / (⋊) (p) (u) __ (⋉)	491	1.0	1.0	0.0909090909090909
350	tʲ -> s / [+begin/end] [+C/V, -syllabic, -stress, -long, +consonantal, -sonorant, -continuant, -delayed.release, -approximant, -tap, -trill, -nasal, -voice, -spread.gl, -constr.gl, -LABIAL, +round, -labiodental, -CORONAL, -lateral, +DORSAL, +high, -low] [-C/V, +syllabic, -stress, -long, -consonantal, +sonorant, +continuant, +approximant, -tap, -trill, -nasal, +voice, -spread.gl, -constr.gl, -LABIAL, -round, -labiodental, -CORONAL, -lateral, +DORSAL, -high, -low, +front, -back, +tense] __ [-C/V, +syllabic, -stress, -long, -consonantal, +sonorant, +continuant, +approximant, -tap, -trill, -nasal, +voice, -spread.gl, -constr.gl, +LABIAL, +round, -labiodental, -CORONAL, -lateral, +DORSAL, +high, -low, -front, +back, +tense] [-begin/end]	tʲ -> s / (⋊) (kʷ) (e) __ (u) (⋉)	741	1.0	1.0	0.0909090909090909
354	h -> ∅ / [+begin/end] [+C/V, -syllabic, -stress, -long, +consonantal, +sonorant, -continuant, -approximant, -tap, -trill, +nasal, +voice, -spread.gl, -constr.gl, +LABIAL, -round, -labiodental, -CORONAL, -lateral, -DORSAL] [-C/V, +syllabic, -stress, -long, -consonantal, +sonorant, +continuant, +approximant, -tap, -trill, -nasal, +voice, -spread.gl, -constr.gl, -LABIAL, -round, -labiodental, -CORONAL, -lateral, +DORSAL, -high, +low, -front, -back] __ [-C/V, +syllabic, -stress, -long, -consonantal, +sonorant, +continuant, +approximant, -tap, -trill, -nasal, +voice, -spread.gl, -constr.gl, -LABIAL, -round, -labiodental, -CORONAL, -lateral, +DORSAL, -high, +low, -front, -back] [-begin/end]	h -> ∅ / (⋊) (m) (a) __ (a) (⋉)	693	1.0	1.0	0.0909090909090909
356	∅ -> a / [+begin/end] [+C/V, -syllabic, -stress, -long, +consonantal, +sonorant, -continuant, -approximant, -tap, -trill, +nasal, +voice, -spread.gl, -constr.gl, +LABIAL, -round, -labiodental, -CORONAL, -lateral, -DORSAL] [-C/V, +syllabic, -stress, -long, -consonantal, +sonorant, +continuant, +approximant, -tap, -trill, -nasal, +voice, -spread.gl, -constr.gl, -LABIAL, -round, -labiodental, -CORONAL, -lateral, +DORSAL, +high, -low, -front, -back, +tense] [+C/V, -syllabic, -stress, -long, +consonantal, -sonorant, -continuant, +delayed.release, -approximant, -tap, -trill, -nasal, -voice, -spread.gl, -constr.gl, -LABIAL, -round, -labiodental, +CORONAL, +anterior, -distributed, +strident, -lateral, -DORSAL] __ [-C/V, +syllabic, -stress, -long, -consonantal, +sonorant, +continuant, +approximant, -tap, -trill, -nasal, +voice, -spread.gl, -constr.gl, -LABIAL, -round, -labiodental, -CORONAL, -lateral, +DORSAL, -high, +low, -front, -back] [-begin/end]	∅ -> a / (⋊) (m) (ɨ) (t͡s) __ (a) (⋉)	955	1.0	1.0	0.0909090909090909
510	ɨ̃ -> a / [+begin/end] [+C/V, -syllabic, -stress, -long, +consonantal, -sonorant, -continuant, -delayed.release, -approximant, -tap, -trill, -nasal, -voice, -spread.gl, +constr.gl, -LABIAL, -round, -labiodental, -CORONAL, -lateral, +DORSAL, +high, -low] __ [+C/V, -syllabic, -stress, -long, +consonantal, -sonorant, -continuant, -delayed.release, -approximant, -tap, -trill, -nasal, -voice, -spread.gl, -constr.gl, -LABIAL, -round, -labiodental, +CORONAL, +anterior, -distributed, -strident, -lateral, -DORSAL] [-C/V, +syllabic, -stress, -long, -consonantal, +sonorant, +continuant, +approximant, -tap, -trill, -nasal, +voice, -spread.gl, -constr.gl, -LABIAL, -round, -labiodental, -CORONAL, -lateral, +DORSAL, -high, +low, -front, -back] [-begin/end]	ɨ̃ -> a / (⋊) (kˀ|ˀk) __ (t|tʲ) (a) (⋉)	751	1.0	1.0	0.0909090909090909
283	pˀ -> ʔ / [+begin/end] [+C/V, -syllabic, -stress, -long, +consonantal, -sonorant, -continuant, -delayed.release, -approximant, -tap, -trill, -nasal, -voice, -spread.gl, +constr.gl, -LABIAL, -round, -labiodental, -CORONAL, -lateral, +DORSAL, +high, -low] [-C/V, +syllabic, -stress, -long, -consonantal, +sonorant, +continuant, +approximant, -tap, -trill, -nasal, +voice, -spread.gl, -constr.gl, -LABIAL, -round, -labiodental, -CORONAL, -lateral, +DORSAL, +high, -low, -front, -back, +tense] __ [-C/V, +syllabic, -stress, -long, -consonantal, +sonorant, +continuant, +approximant, -tap, -trill, -nasal, +voice, -spread.gl, -constr.gl, +LABIAL, +round, -labiodental, -CORONAL, -lateral, +DORSAL, -high, -low, -front, +back, +tense] [-begin/end]	pˀ -> ʔ / (⋊) (kˀ|ˀk) (ɨ) __ (o) (⋉)	741	1.0	1.0	0.0909090909090909
284	o -> ã / [+begin/end] [+C/V, -syllabic, -stress, -long, +consonantal, -sonorant, -continuant, -delayed.release, -approximant, -tap, -trill, -nasal, -voice, -spread.gl, +constr.gl, -LABIAL, -round, -labiodental, -CORONAL, -lateral, +DORSAL, +high, -low] [-C/V, +syllabic, -stress, -long, -consonantal, +sonorant, +continuant, +approximant, -tap, -trill, -nasal, +voice, -spread.gl, -constr.gl, -LABIAL, -round, -labiodental, -CORONAL, -lateral, +DORSAL, +high, -low, -front, -back, +tense] [+C/V, -syllabic, -stress, -long, +consonantal, -sonorant, -continuant, -delayed.release, -approximant, -tap, -trill, -nasal, -voice, -spread.gl, +constr.gl, +LABIAL, -round, -labiodental, -CORONAL, -lateral, -DORSAL] __ [-begin/end]	o -> ã / (⋊) (kˀ|ˀk) (ɨ) (pˀ|ˀp) __ (⋉)	722	1.0	1.0	0.0909090909090909
73	kʷˀ -> kʰ / [+begin/end] [-C/V, +syllabic, -stress, -long, -consonantal, +sonorant, +continuant, +approximant, -tap, -trill, +nasal, +voice, -spread.gl, -constr.gl, -LABIAL, -round, -labiodental, -CORONAL, -lateral, +DORSAL, +high, -low, -front, -back, +tense] __ [-C/V, +syllabic, -stress, -long, -consonantal, +sonorant, +continuant, +approximant, -tap, -trill, -nasal, +voice, -spread.gl, -constr.gl, -LABIAL, -round, -labiodental, -CORONAL, -lateral, +DORSAL, -high, -low, +front, -back, +tense] [-begin/end]	kʷˀ -> kʰ / (⋊) (ɨ̃) __ (e) (⋉)	512	1.0	1.0	0.0909090909090909
506	u -> ũ / [+begin/end] [+C/V, -syllabic, -stress, -long, +consonantal, -sonorant, -continuant, +delayed.release, -approximant, -tap, -trill, -nasal, -voice, -spread.gl, -constr.gl, -LABIAL, -round, -labiodental, +CORONAL, +anterior, -distributed, +strident, -lateral, -DORSAL] __ [+C/V, -syllabic, -stress, -long, +consonantal, -sonorant, +continuant, +delayed.release, -approximant, -tap, -trill, -nasal, -voice, -spread.gl, -constr.gl, -LABIAL, -round, -labiodental, +CORONAL, +anterior, -distributed, +strident, -lateral, -DORSAL] [-C/V, +syllabic, -stress, -long, -consonantal, +sonorant, +continuant, +approximant, -tap, -trill, -nasal, +voice, -spread.gl, -constr.gl, -LABIAL, -round, -labiodental, -CORONAL, -lateral, +DORSAL, +high, -low, +front, -back, +tense] [-begin/end]	u -> ũ / (⋊) (t͡s) __ (s) (i) (⋉)	781	1.0	1.0	0.0909090909090909
240	∅ -> b / [+begin/end] [+C/V, -syllabic, -stress, -long, -consonantal, +sonorant, +continuant, +approximant, -tap, -trill, -nasal, +voice, -spread.gl, -constr.gl, -LABIAL, -round, -labiodental, -CORONAL, -lateral, +DORSAL, +high, -low, +front, -back, +tense] [-C/V, +syllabic, -stress, -long, -consonantal, +sonorant, +continuant, +approximant, -tap, -trill, -nasal, +voice, -spread.gl, -constr.gl, -LABIAL, -round, -labiodental, -CORONAL, -lateral, +DORSAL, +high, -low, -front, -back, +tense] [+C/V, -syllabic, -stress, -long, +consonantal, -sonorant, -continuant, -delayed.release, -approximant, -tap, -trill, -nasal, -voice, -spread.gl, +constr.gl, -LABIAL, -round, -labiodental, -CORONAL, -lateral, -DORSAL] [-C/V, +syllabic, -stress, -long, -consonantal, +sonorant, +continuant, +approximant, -tap, -trill, -nasal, +voice, -spread.gl, -constr.gl, +LABIAL, +round, -labiodental, -CORONAL, -lateral, +DORSAL, -high, -low, -front, +back, +tense] __ [-begin/end]	∅ -> b / (⋊) (j) (ɨ) (ʔ) (o) __ (⋉)	963	1.0	1.0	0.0909090909090909
507	∅ -> u / [+begin/end] [+C/V, -syllabic, -stress, -long, +consonantal, -sonorant, -continuant, -delayed.release, -approximant, -tap, -trill, -nasal, -voice, -spread.gl, -constr.gl, -LABIAL, -round, -labiodental, +CORONAL, +anterior, -distributed, -strident, -lateral, -DORSAL] __ [-C/V, +syllabic, -stress, -long, -consonantal, +sonorant, +continuant, +approximant, -tap, -trill, -nasal, +voice, -spread.gl, -constr.gl, +LABIAL, +round, -labiodental, -CORONAL, -lateral, +DORSAL, +high, -low, -front, +back, +tense] [-begin/end]	∅ -> u / (⋊) (t|tʲ) __ (u) (⋉)	527	1.0	1.0	0.0909090909090909
508	w -> m / [+begin/end] __ [-C/V, +syllabic, -stress, -long, -consonantal, +sonorant, +continuant, +approximant, -tap, -trill, +nasal, +voice, -spread.gl, -constr.gl, -LABIAL, -round, -labiodental, -CORONAL, -lateral, +DORSAL, -high, +low, -front, -back] [+C/V, -syllabic, -stress, -long, +consonantal, +sonorant, -continuant, -approximant, -tap, -trill, +nasal, +voice, -spread.gl, -constr.gl, +LABIAL, -round, -labiodental, -CORONAL, -lateral, -DORSAL] [-C/V, +syllabic, -stress, -long, -consonantal, +sonorant, +continuant, +approximant, -tap, -trill, -nasal, +voice, -spread.gl, -constr.gl, -LABIAL, -round, -labiodental, -CORONAL, -lateral, +DORSAL, +high, -low, +front, -back, +tense] [-begin/end]	w -> m / (⋊) __ (ã) (m) (i) (⋉)	701	1.0	1.0	0.0909090909090909
472	ɨ̃ -> ɨ / [+begin/end] [+C/V, -syllabic, -stress, -long, +consonantal, -sonorant, -continuant, -delayed.release, -approximant, -tap, -trill, -nasal, -voice, -spread.gl, +constr.gl, -LABIAL, -round, -labiodental, +CORONAL, +anterior, -distributed, -strident, -lateral, -DORSAL] __ [+C/V, -syllabic, -stress, -long, +consonantal, -sonorant, -continuant, -delayed.release, -approximant, -tap, -trill, -nasal, -voice, -spread.gl, -constr.gl, +LABIAL, -round, -labiodental, -CORONAL, -lateral, -DORSAL] [-C/V, +syllabic, -stress, -long, -consonantal, +sonorant, +continuant, +approximant, -tap, -trill, -nasal, +voice, -spread.gl, -constr.gl, +LABIAL, +round, -labiodental, -CORONAL, -lateral, +DORSAL, -high, -low, -front, +back, +tense] [-begin/end]	ɨ̃ -> ɨ / (⋊) (tˀ|ˀt) __ (p) (o) (⋉)	746	1.0	1.0	0.0909090909090909
471	s -> tʰ / [+begin/end] __ [-C/V, +syllabic, -stress, -long, -consonantal, +sonorant, +continuant, +approximant, -tap, -trill, -nasal, +voice, -spread.gl, -constr.gl, +LABIAL, +round, -labiodental, -CORONAL, -lateral, +DORSAL, -high, -low, -front, +back, +tense] [+C/V, -syllabic, -stress, -long, +consonantal, -sonorant, -continuant, -delayed.release, -approximant, -tap, -trill, -nasal, -voice, -spread.gl, -constr.gl, -LABIAL, -round, -labiodental, +CORONAL, +anterior, -distributed, -strident, -lateral, -DORSAL] [-begin/end]	s -> tʰ / (⋊) __ (o) (t|tʲ) (⋉)	528	1.0	1.0	0.0909090909090909
468	∅ -> k / [+begin/end] [+C/V, -syllabic, -stress, -long, +consonantal, -sonorant, +continuant, +delayed.release, -approximant, -tap, -trill, -nasal, -voice, -spread.gl, -constr.gl, -LABIAL, -round, -labiodental, +CORONAL, +anterior, -distributed, +strident, -lateral, -DORSAL] [-C/V, +syllabic, -stress, -long, -consonantal, +sonorant, +continuant, +approximant, -tap, -trill, -nasal, +voice, -spread.gl, -constr.gl, -LABIAL, -round, -labiodental, -CORONAL, -lateral, +DORSAL, +high, -low, +front, -back, +tense] [+C/V, -syllabic, -stress, -long, +consonantal, -sonorant, +continuant, +delayed.release, -approximant, -tap, -trill, -nasal, -voice, -spread.gl, -constr.gl, -LABIAL, -round, -labiodental, +CORONAL, +anterior, -distributed, +strident, -lateral, -DORSAL] [-C/V, +syllabic, -stress, -long, -consonantal, +sonorant, +continuant, +approximant, -tap, -trill, -nasal, +voice, -spread.gl, -constr.gl, -LABIAL, -round, -labiodental, -CORONAL, -lateral, +DORSAL, +high, -low, +front, -back, +tense] __ [-begin/end]	∅ -> k / (⋊) (s) (i) (s) (i) __ (⋉)	1017	1.0	1.0	0.0909090909090909
473	tː -> ˀtʰ / [+begin/end] [+C/V, -syllabic, -stress, -long, +consonantal, -sonorant, -continuant, -delayed.release, -approximant, -tap, -trill, -nasal, -voice, -spread.gl, +constr.gl, -LABIAL, -round, -labiodental, +CORONAL, +anterior, -distributed, -strident, -lateral, -DORSAL] [-C/V, +syllabic, -stress, -long, -consonantal, +sonorant, +continuant, +approximant, -tap, -trill, -nasal, +voice, -spread.gl, -constr.gl, -LABIAL, -round, -labiodental, -CORONAL, -lateral, +DORSAL, +high, -low, -front, -back, +tense] __ [-C/V, +syllabic, -stress, -long, -consonantal, +sonorant, +continuant, +approximant, -tap, -trill, -nasal, +voice, -spread.gl, -constr.gl, -LABIAL, -round, -labiodental, -CORONAL, -lateral, +DORSAL, -high, -low, +front, -back, +tense] [-begin/end]	tː -> ˀtʰ / (⋊) (tˀ|ˀt) (ɨ) __ (e) (⋉)	766	1.0	1.0	0.0909090909090909
467	k -> ˀkʰ / [+begin/end] [+C/V, -syllabic, -stress, -long, +consonantal, -sonorant, -continuant, -delayed.release, -approximant, -tap, -trill, -nasal, -voice, -spread.gl, -constr.gl, +LABIAL, -round, -labiodental, -CORONAL, -lateral, -DORSAL] [-C/V, +syllabic, -stress, -long, -consonantal, +sonorant, +continuant, +approximant, -tap, -trill, +nasal, +voice, -spread.gl, -constr.gl, -LABIAL, -round, -labiodental, -CORONAL, -lateral, +DORSAL, +high, -low, +front, -back, +tense] __ [-C/V, +syllabic, -stress, -long, -consonantal, +sonorant, +continuant, +approximant, -tap, -trill, -nasal, +voice, -spread.gl, -constr.gl, +LABIAL, +round, -labiodental, -CORONAL, -lateral, +DORSAL, -high, -low, -front, +back, +tense] [-begin/end]	k -> ˀkʰ / (⋊) (p) (ĩ) __ (o) (⋉)	729	1.0	1.0	0.0909090909090909
474	õ -> o / [+begin/end] [+C/V, -syllabic, -stress, -long, +consonantal, -sonorant, -continuant, -delayed.release, -approximant, -tap, -trill, -nasal, -voice, -spread.gl, +constr.gl, -LABIAL, -round, -labiodental, +CORONAL, +anterior, -distributed, -strident, -lateral, -DORSAL] __ [+C/V, -syllabic, -stress, -long, +consonantal, +sonorant, -continuant, -approximant, -tap, -trill, +nasal, +voice, -spread.gl, -constr.gl, +LABIAL, -round, -labiodental, -CORONAL, -lateral, -DORSAL] [-C/V, +syllabic, -stress, -long, -consonantal, +sonorant, +continuant, +approximant, -tap, -trill, -nasal, +voice, -spread.gl, -constr.gl, -LABIAL, -round, -labiodental, -CORONAL, -lateral, +DORSAL, +high, -low, +front, -back, +tense] [-begin/end]	õ -> o / (⋊) (tˀ|ˀt) __ (m) (i) (⋉)	727	1.0	1.0	0.0909090909090909
228	∅ -> ɨ / [+begin/end] [+C/V, -syllabic, -stress, -long, -consonantal, +sonorant, +continuant, +approximant, -tap, -trill, -nasal, +voice, -spread.gl, -constr.gl, -LABIAL, -round, -labiodental, -CORONAL, -lateral, +DORSAL, +high, -low, +front, -back, +tense] [-C/V, +syllabic, -stress, -long, -consonantal, +sonorant, +continuant, +approximant, -tap, -trill, +nasal, +voice, -spread.gl, -constr.gl, -LABIAL, -round, -labiodental, -CORONAL, -lateral, +DORSAL, -high, -low, +front, -back, +tense] [+C/V, -syllabic, -stress, +long, +consonantal, -sonorant, -continuant, -delayed.release, -approximant, -tap, -trill, -nasal, -voice, -spread.gl, -constr.gl, -LABIAL, -round, -labiodental, -CORONAL, -lateral, +DORSAL, +high, -low] [-C/V, +syllabic, -stress, -long, -consonantal, +sonorant, +continuant, +approximant, -tap, -trill, -nasal, +voice, -spread.gl, -constr.gl, +LABIAL, +round, -labiodental, -CORONAL, -lateral, +DORSAL, +high, -low, -front, +back, +tense] __ [-begin/end]	∅ -> ɨ / (⋊) (j) (ẽ) (kː) (u) __ (⋉)	976	1.0	1.0	0.0909090909090909
452	o -> ũ / [+begin/end] [+C/V, -syllabic, -stress, -long, +consonantal, -sonorant, -continuant, -delayed.release, -approximant, -tap, -trill, -nasal, -voice, -spread.gl, +constr.gl, +LABIAL, -round, -labiodental, -CORONAL, -lateral, -DORSAL] __ [+C/V, -syllabic, -stress, -long, +consonantal, -sonorant, -continuant, -delayed.release, -approximant, -tap, -trill, -nasal, -voice, -spread.gl, -constr.gl, +LABIAL, -round, -labiodental, -CORONAL, -lateral, -DORSAL] [-C/V, +syllabic, -stress, -long, -consonantal, +sonorant, +continuant, +approximant, -tap, -trill, -nasal, +voice, -spread.gl, -constr.gl, -LABIAL, -round, -labiodental, -CORONAL, -lateral, +DORSAL, -high, -low, +front, -back, +tense] [-begin/end]	o -> ũ / (⋊) (pˀ|ˀp) __ (p) (e) (⋉)	709	1.0	1.0	0.0909090909090909
448	ã -> i / [+begin/end] [+C/V, -syllabic, -stress, -long, +consonantal, -sonorant, -continuant, -delayed.release, -approximant, -tap, -trill, -nasal, -voice, -spread.gl, +constr.gl, +LABIAL, -round, -labiodental, -CORONAL, -lateral, -DORSAL] [-C/V, +syllabic, -stress, -long, -consonantal, +sonorant, +continuant, +approximant, -tap, -trill, +nasal, +voice, -spread.gl, -constr.gl, -LABIAL, -round, -labiodental, -CORONAL, -lateral, +DORSAL, -high, +low, -front, -back] [+C/V, -syllabic, -stress, -long, +consonantal, -sonorant, -continuant, +delayed.release, -approximant, -tap, -trill, -nasal, -voice, -spread.gl, -constr.gl, -LABIAL, -round, -labiodental, +CORONAL, +anterior, -distributed, +strident, -lateral, -DORSAL] __ [-begin/end]	ã -> i / (⋊) (pˀ|ˀp) (ã) (t͡s) __ (⋉)	737	1.0	1.0	0.0909090909090909
447	t͡s -> ∅ / [+begin/end] [+C/V, -syllabic, -stress, -long, +consonantal, -sonorant, -continuant, -delayed.release, -approximant, -tap, -trill, -nasal, -voice, -spread.gl, +constr.gl, +LABIAL, -round, -labiodental, -CORONAL, -lateral, -DORSAL] [-C/V, +syllabic, -stress, -long, -consonantal, +sonorant, +continuant, +approximant, -tap, -trill, +nasal, +voice, -spread.gl, -constr.gl, -LABIAL, -round, -labiodental, -CORONAL, -lateral, +DORSAL, -high, +low, -front, -back] __ [-C/V, +syllabic, -stress, -long, -consonantal, +sonorant, +continuant, +approximant, -tap, -trill, +nasal, +voice, -spread.gl, -constr.gl, -LABIAL, -round, -labiodental, -CORONAL, -lateral, +DORSAL, -high, +low, -front, -back] [-begin/end]	t͡s -> ∅ / (⋊) (pˀ|ˀp) (ã) __ (ã) (⋉)	713	1.0	1.0	0.0909090909090909
504	i -> ɨ / [+begin/end] [+C/V, -syllabic, -stress, -long, +consonantal, -sonorant, -continuant, +delayed.release, -approximant, -tap, -trill, -nasal, -voice, -spread.gl, -constr.gl, -LABIAL, -round, -labiodental, +CORONAL, +anterior, -distributed, +strident, -lateral, -DORSAL] [-C/V, +syllabic, -stress, -long, -consonantal, +sonorant, +continuant, +approximant, -tap, -trill, -nasal, +voice, -spread.gl, -constr.gl, -LABIAL, -round, -labiodental, -CORONAL, -lateral, +DORSAL, +high, -low, -front, -back, +tense] [+C/V, -syllabic, -stress, -long, +consonantal, -sonorant, +continuant, +delayed.release, -approximant, -tap, -trill, -nasal, -voice, -spread.gl, -constr.gl, -LABIAL, -round, -labiodental, +CORONAL, +anterior, -distributed, +strident, -lateral, -DORSAL] __ [-begin/end]	i -> ɨ / (⋊) (t͡s) (ɨ) (s) __ (⋉)	781	1.0	1.0	0.0909090909090909
500	ɨ -> ĩ / [+begin/end] [+C/V, -syllabic, -stress, -long, +consonantal, -sonorant, -continuant, +delayed.release, -approximant, -tap, -trill, -nasal, -voice, -spread.gl, -constr.gl, -LABIAL, -round, -labiodental, +CORONAL, +anterior, -distributed, +strident, -lateral, -DORSAL] __ [+C/V, -syllabic, -stress, -long, +consonantal, -sonorant, -continuant, -delayed.release, -approximant, -tap, -trill, -nasal, -voice, -spread.gl, -constr.gl, +LABIAL, -round, -labiodental, -CORONAL, -lateral, -DORSAL] [-C/V, +syllabic, -stress, -long, -consonantal, +sonorant, +continuant, +approximant, -tap, -trill, -nasal, +voice, -spread.gl, -constr.gl, +LABIAL, +round, -labiodental, -CORONAL, -lateral, +DORSAL, -high, -low, -front, +back, +tense] [-begin/end]	ɨ -> ĩ / (⋊) (t͡s) __ (p) (o) (⋉)	745	1.0	1.0	0.0909090909090909
499	ĩ -> i / [+begin/end] [+C/V, -syllabic, -stress, -long, +consonantal, -sonorant, -continuant, +delayed.release, -approximant, -tap, -trill, -nasal, -voice, -spread.gl, -constr.gl, -LABIAL, -round, -labiodental, +CORONAL, +anterior, -distributed, +strident, -lateral, -DORSAL] __ [-begin/end]	ĩ -> i / (⋊) (t͡s) __ (⋉)	291	1.0	1.0	0.0909090909090909
509	u -> ɨ / [+begin/end] [+C/V, -syllabic, -stress, -long, -consonantal, +sonorant, +continuant, +approximant, -tap, -trill, -nasal, +voice, -spread.gl, -constr.gl, +LABIAL, +round, -labiodental, -CORONAL, -lateral, +DORSAL, +high, -low, -front, +back, +tense] __ [-C/V, +syllabic, -stress, -long, -consonantal, +sonorant, +continuant, +approximant, -tap, -trill, -nasal, +voice, -spread.gl, -constr.gl, -LABIAL, -round, -labiodental, -CORONAL, -lateral, +DORSAL, +high, -low, -front, -back, +tense] [-begin/end]	u -> ɨ / (⋊) (w) __ (ɨ) (⋉)	509	1.0	1.0	0.0909090909090909
343	∅ -> i / X [-C/V, +syllabic, -stress, -long, -consonantal, +sonorant, +continuant, +approximant, -tap, -trill, +voice, -spread.gl, -constr.gl, +LABIAL, +round, -labiodental, -CORONAL, -lateral, +DORSAL, +high, -low, -front, +back, +tense] __ [-begin/end]	∅ -> i / (u|ũ) __ (⋉)	254	1.0	6.0	0.0625
330	∅ -> i / X [-C/V, +syllabic, -stress, -long, -consonantal, +sonorant, +continuant, +approximant, -tap, -trill, -nasal, +voice, -spread.gl, -constr.gl, +LABIAL, +round, -labiodental, -CORONAL, -lateral, +DORSAL, -low, -front, +back, +tense] __ [-begin/end]	∅ -> i / (o|u) __ (⋉)	255	2.0	24.0	0.0588235294117647
337	∅ -> i / X [-C/V, +syllabic, -stress, -long, -consonantal, +sonorant, +continuant, +approximant, -tap, -trill, +voice, -spread.gl, -constr.gl, +LABIAL, +round, -labiodental, -CORONAL, -lateral, +DORSAL, -low, -front, +back, +tense] __ [-begin/end]	∅ -> i / (o|u|õ|ũ) __ (⋉)	247	2.0	25.0	0.0571428571428571
244	∅ -> o / X [+C/V, -syllabic, -stress, -long, +consonantal, -approximant, -tap, -trill, -spread.gl, -constr.gl, -round, -labiodental, -lateral, -DORSAL] [-C/V, +syllabic, -stress, -long, -consonantal, +sonorant, +continuant, +approximant, -tap, -trill, -nasal, +voice, -spread.gl, -constr.gl, -LABIAL, -round, -labiodental, -CORONAL, -lateral, +DORSAL, +high, -low, +front, -back, +tense] __ [-begin/end]	∅ -> o / (n|m|ɸ|t|s|p|d|b|t͡ʃ|t͡s|tʲ) (i) __ (⋉)	403	1.0	9.0	0.0526315789473684
248	∅ -> o / X [+C/V, -syllabic, -stress, -long, +consonantal, -sonorant, -continuant, -approximant, -tap, -trill, -nasal, -voice, -spread.gl, -constr.gl, -LABIAL, -round, -labiodental, +CORONAL, +anterior, -distributed, -lateral, -DORSAL] __ X	∅ -> o / (t|t͡s|tʲ) __ 	240	1.0	28.0	0.0263157894736842
357	∅ -> a / X [+C/V, -syllabic, -stress, -long, +consonantal, -sonorant, -continuant, -approximant, -tap, -trill, -nasal, -voice, -spread.gl, -LABIAL, -round, -labiodental, -lateral] __ X	∅ -> a / (ʔ|k|t|t͡ʃ|t͡s|kʲ|kˀ|tʲ|tˀ|ˀk|ˀt) __ 	184	2.0	69.0	0.0253164556962025
242	∅ -> o / X [-stress, -long, -tap, -trill, -nasal, -spread.gl, -constr.gl, -LABIAL, -round, -labiodental, -lateral] __ [-begin/end]	∅ -> o / (a|e|ɨ|i|k|ɡ|t|s|d|t͡ʃ|t͡s|j|kʲ|tʲ) __ (⋉)	130	2.0	78.0	0.0227272727272727
250	∅ -> o / X [-stress, -long, -tap, -trill, -nasal, -spread.gl, -constr.gl, -labiodental, -lateral] __ [-begin/end]	∅ -> o / (a|o|e|u|ɨ|i|k|ɡ|ɸ|t|s|p|d|b|t͡ʃ|t͡s|w|j|kʲ|kʷ|tʲ) __ (⋉)	113	2.0	102.0	0.0178571428571428
345	∅ -> i / X [-stress, -tap, -trill, -nasal, -spread.gl, -constr.gl, -labiodental, -CORONAL, -lateral, +DORSAL, +high, -low] __ X	∅ -> i / (u|ɨ|i|k|ɡ|w|j|kː|kʲ|kʷ) __ 	127	2.0	112.0	0.0163934426229508
342	∅ -> i / X [-stress, -tap, -trill, -nasal, -spread.gl, -constr.gl, -labiodental, -CORONAL, -lateral, +DORSAL, -low] __ X	∅ -> i / (o|e|u|ɨ|i|k|ɡ|w|j|kː|kʲ|kʷ) __ 	120	3.0	182.0	0.015625
341	∅ -> i / X [-stress, -tap, -trill, -spread.gl, -constr.gl, -labiodental, -CORONAL, -lateral, +DORSAL, +high, -low] __ X	∅ -> i / (u|ɨ|i|ŋ|k|ɡ|w|j|kː|j̃|kʲ|kʷ|w̃|ĩ|ũ|ɨ̃) __ 	119	2.0	120.0	0.0153846153846153
332	∅ -> i / X [-stress, -tap, -trill, -spread.gl, -constr.gl, -labiodental, -CORONAL, -lateral, +DORSAL, -low] __ X	∅ -> i / (o|e|u|ɨ|i|ŋ|k|ɡ|w|j|kː|j̃|kʲ|kʷ|w̃|õ|ĩ|ũ|ɨ̃|ẽ) __ 	112	3.0	197.0	0.0144927536231884
340	∅ -> i / X [-stress, -tap, -trill, -nasal, -spread.gl, -constr.gl, -labiodental, -lateral] __ X	∅ -> i / (a|o|e|u|ɨ|i|k|ɡ|ɸ|t|s|p|d|b|t͡ʃ|t͡s|w|j|kː|tː|kʲ|kʷ|tʲ) __ 	95	4.0	285.0	0.0135593220338983
331	∅ -> i / X [-stress, -tap, -trill, -spread.gl, -constr.gl, -labiodental, -lateral] __ X	∅ -> i / (a|o|e|u|ɨ|i|ɲ|ŋ|n|m|k|ɡ|ɸ|t|s|p|d|b|t͡ʃ|t͡s|w|j|kː|tː|j̃|kʲ|kʷ|tʲ|w̃|ã|õ|ĩ|ũ|ɨ̃|ẽ) __ 	87	4.0	336.0	0.0115606936416184
249	∅ -> o / X [-stress, -long, -tap, -trill, -nasal, -spread.gl, -constr.gl, -LABIAL, -round, -labiodental, -lateral] __ X	∅ -> o / (a|e|ɨ|i|k|ɡ|t|s|d|t͡ʃ|t͡s|j|kʲ|tʲ) __ 	119	2.0	206.0	0.0092592592592592
241	∅ -> o / X [-stress, -long, -tap, -trill, -nasal, -spread.gl, -constr.gl, -labiodental, -lateral] __ X	∅ -> o / (a|o|e|u|ɨ|i|k|ɡ|ɸ|t|s|p|d|b|t͡ʃ|t͡s|w|j|kʲ|kʷ|tʲ) __ 	102	1.0	273.0	0.0035335689045936
226	∅ -> ɨ / X [-stress, -long, -tap, -trill, -nasal, -spread.gl, -constr.gl, -labiodental, -lateral] __ X	∅ -> ɨ / (a|o|e|u|ɨ|i|k|ɡ|ɸ|t|s|p|d|b|t͡ʃ|t͡s|w|j|kʲ|kʷ|tʲ) __ 	102	1.0	273.0	0.0035335689045936
