#id	Piratapuyo	Barasano	Desano	Koreguahe	Siona	Kubeo	Sekoya	Wanano	Tanimuka	Tuyuka	Tukano	Maihiki	Karapan	Kueretu	Yupua	Prototucanoan
41-feminine-1	k o	ɡ o	ɡ o	o	ɡ o	k o	o	k o	?	?	ɡ o	o	o	?	?	kˀ o
88-non3rdanimateperson-2	?	b ɨ	b ɨ	?	w ɨ	w ɨ	w ɨ	?	?	?	p ɨ	?	?	?	?	pˀ ɨ
1-3rdpersonmasculine-3	?	m ĩ	m ĩ	?	?	b i	p i	?	?	?	m ĩ	?	?	?	?	p i
19-casenonnominatvie-4	ɾ e	ɾ e	d e	ɾ e	ɾ e	d e	ɾ e	ɾ e	ɾ e	?	ɾ e	d e	ɾ e	?	?	tˀ e
76-locative-5	d o	d o	d o	?	ɾ o	n õ	ɾ o	d o	?	?	d o	d o	d o	?	?	tˀ o
107-snake-6	ã ɲ ã	ã ɲ ã	ã ɲ ã	ã ɲ ã	ã ɲ ã	ã ɲ ã	ã ɲ ã	ã ɲ ã	ã ɲ ã	ã ɲ ã	ã ɲ ã	ã ɲ ã	ã ɲ ã	h a j a	?	ã j a
61-hot-7	?	a ts i	a s i	a s u	h a ˀs u	?	?	s i	?	a s i	a s i	a tʃ u	a s i	h a t ɨ	a h ts i a m a	a ts ɨ
89-nose-8	?	ĩ ŋ ẽ	ĩ ˀŋ ĩ	ɨ̃ kʰ e	ũ kʷ e	ũ e k a	õ kʷ e	k ẽ	õ m ẽ	ẽ k ẽ ã	ẽ ˀk ẽ	ũ kʷ e	ɨ̃ k ẽ	k o m e	ɨ ɡ ɨ	ɨ̃ kʷˀ e
78-man-9	?	ɨ̃ m ɨ̃	ɨ̃ m ɨ̃	ɨ m ɨ	ɨ m ɨ	ɨ̃ m ɨ̃	ɨ̃ m ɨ̃	ɨ̃ m ɨ̃	ɨ̃ m ɨ̃	ɨ̃ m ɨ̃	ɨ̃ m ɨ̃	ɨ m ɨ	m ɨ̃	?	?	ɨ m ɨ
101-pupunha-10	ɨ̃ n ẽ	ɨ̃ n ẽ	ɨ̃ n ĩ	ɨ n e	ɨ n e	ɨ̃ n ẽ	?	ɨ̃ n ẽ	ĩ ɾ ẽ	?	ɨ̃ n ẽ	?	ɨ̃ n ẽ	ɨ ˀn e	?	ɨ n e
117-three-11	?	i d i a	ɨ ˀd e	?	?	?	?	t i a	?	i t i a	i ˀt i a	?	?	i t i a	?	ɨ tˀ i a
53-grape-12	?	ɨ j e	i ɡ i	ɨ j e	ɨ j e	ɨ j a i	?	s e	?	ɨ s e	ɨ ˀs e	e d e	ɨ s e	?	?	ɨ ˀj e
59-heron-13	?	j e h e	j a h i	?	?	j a i	j a i	j a h a	?	j e e	j a h e	j a i	j e e	?	?	j a h i
67-jaguar-14	?	j a i	j e e	j a i	j a i	j a w i	j a i	j a i	j a i a	?	j a i	j a i	j a i	h i j a i	?	j a i
20-centipede-15	?	?	ã ˀŋ ĩ	?	?	a w i m e k ɨ	?	ɲ ã ˀk ĩ	?	?	ã ˀk ĩ	?	?	?	?	ɲ ã kˀ i
20-centipede-146	?	?	?	?	?	?	?	?	?	m ũ n ĩ	?	?	?	?	?	?
29-deer-16	?	ɲ ã m ã	ɲ ã m ã	ɲ ã m a	ɲ ã m a	ɲ ã m ã	ɲ ã m a	ɲ ã m ã	ɲ ã m ã	ɲ ã m ã	ɲ ã m ã	?	ɲ ã m ã	ɲ ã m a	?	j a m a
141-yam-17	?	ɲ ã m õ	ɲ ã ˀm õ	ɲ ã h o	ɲ ã h o	ɲ ã m ũ	?	ɲ ã ˀm ũ	ɲ ã ˀm ũ	ɲ ã m ũ	ɲ ã ˀm ũ	ɲ ã h o	ɲ ã m õ	j a u	?	ɲ ã pˀ o
18-caradioscoreaalata-18	?	ɲ ã h ĩ	ɲ ã p ĩ	j a h i	?	ɲ ã p ĩ	j a h i	ɲ ã p ĩ	ɲ ã ˀp ĩ	?	ɲ ã p ĩ	?	ɲ ã p ĩ	j a h i ɾ i	?	j a p i
52-grandfather-19	?	ɲ ĩ k ɨ̃	ɲ ẽ k ɨ̃	j ẽ k u ɨ	?	ɲ ẽ k ũ j o	?	ɲ ɨ̃ tʃ ɨ̃	?	ɲ ẽ k ɨ̃	ɲ ẽ k ɨ̃	j ẽ k ɨ	ɲ ĩ k ɨ̃	?	?	j ẽ kː u
73-land-20	?	j e b a	j e b a	j e h a	j i h a	j i b a	j e h a	j a ˀp a	?	?	j e ˀp a	j i h a	j e p a	?	?	j e pˀ a
84-mouth2-21	?	?	?	j i ʔ o b o	j i ʔ o b o	?	j ɨ ʔ o	?	?	?	?	j o	?	?	?	j ɨ ʔ o
69-kapok-22	?	j ɨ t a	j u d a	?	j ɨ i	j ɨ i	j ɨ i	j u t a	j u ˀt a	?	j u t a	?	j i t a	j ʔ o t a h e	?	j ɨ i
69-kapok-147	?	?	?	o j a	?	?	?	?	?	?	?	?	?	?	?	?
75-leg-23	?	ɲ ĩ k ã	ɲ ĩ ŋ ã	j ũ k a	?	ɲ ɨ̃ ã	n ɨ̃ k a	ɲ ɨ̃ tʃ ɨ̃	ɲ ĩ k ã	ɲ ĩ k ã	ɲ ẽ k ã	?	ɲ ĩ k ã	?	?	j ɨ̃ k a
64-i-24	?	j ɨ ɨ	j ɨ ʔ ɨ	j ɨ ʔ ɨ	j ɨ ɨ	j ɨ	j ɨ ʔ ɨ	j ɨ ʔ ɨ	j i ʔ i	j ɨ ɨ	j ɨ ʔ ɨ	j i	j ɨ ɨ	j e h ɨ	?	j ɨ ʔ ɨ
33-ear-25	?	ŋ ã m õ	ŋ ã m ĩ	k ã h o	kˀ ã h o	k ã m ũ	k ã h o	k ã ˀm õ	ã m ũ	k ã m õ	õ ˀm ẽ	ŋ ã h o	ã m õ	kʲ ã ũ	?	kˀ ã pˀ o
48-foot-26	?	ɡ ɨ b o	ɡ u ˀb u	k ũ ʔ ã	kˀ ɨ̃ õ	k ɨ b o	k ɨ̃ õ	d a ˀp o	ũ ˀp ũ	d ɨ p o	d ɨ ˀp o	ŋ ɨ̃ õ	ɾ ɨ p o	k o h u	?	kˀ ɨ pˀ o
38-excrement-27	k ɨ ˀt a	ɡ ɨ d a	ɡ ɨ d a	k ɨ t a	kˀ ɨ t a	k ɨ d a	ɨ̃ t a	t ã	i t a	k ɨ̃ n ã	ɨ ˀt a	ɨ̃ t a	ɡ ɨ t a	ɨ t a	?	kˀ ɨ tˀ a
127-tortoise-28	?	ɡ u u	ɡ u i	k o ɨ	kˀ o ɨ	k ũ ɨ̃	k o u	k u	o ʔ i	k u u	u h u d i	?	u u	k a ɨ	?	kˀ o ɨ
131-urinate-29	?	ŋ õ n ẽ	ŋ õ n ẽ	õ n e	kˀ õ n e	k õ n ẽ	k õ n e	kʰ ũ n ũ	?	k õ n ẽ	õ ˀn ẽ	ɡ o n e	õ n ẽ	?	?	kˀ o n e
60-hole-30	?	ɡ o h e	ɡ o b e	k o h e	kˀ o h e	k o b e	k o h e	k o p e	k o ɸ e	k o p e	k o p e	ɡ o h e	o p e	ɡ o h e	?	kˀ o p e
126-tooth-31	?	ɡ u h i	?	kʰ õ h ĩ	kˀ ũ h ĩ	k õ p ĩ	k õ ˀh ĩ	p i d i a k a	o ɸ i	u p i	u p i	ŋ ũ h i	o p i	k o h i	?	kˀ õ p i
13-bone-32	?	ŋ õ ã	ŋ õ ã	?	kˀ õ ʔ a	k ũ ã	?	kʰ õ ʔ ã	ũ ʔ ã	k õ ã	õ ʔ ã	?	õ ʔ ã	k o a	?	kˀ õ ʔ ã
47-flower-33	?	ɡ o d o	ɡ o	k o ɾ o	k o d o	k o w ɨ	h o d o	k o ʔ o	õ ʔ õ	k o o	o ʔ o	?	?	t e k o	?	kˀ o ʔ o
106-sleep-34	?	k ã n ĩ	k ã n ĩ	k ã	k ã	k ã	k ã	kʰ ã n ĩ	k ã ɾ ĩ	k ã n ĩ	k ã n ĩ	k ã	k ã n ĩ	?	?	k ã
36-elevatedstructureshelvesroofetc-35	?	k a tʃ a	k a j a	kʰ a j a	?	k a j a	?	k a s a	?	?	k a s a	?	k a j a	?	?	k a j a
79-manioc-36	?	k ĩ ĩ	k ĩ ĩ	kʰ ɨ i	k ɨ i	k ɨ i	?	kʰ ɨ ɨ	k i	?	k i i	k ɨ i	k i i	k ɨ	?	k ɨ i
140-woodpecker-37	?	k õ n ẽ	k õ n ẽ	kʰ õ n e	k o n e	k õ n ẽ	k õ n e	kʰ õ n ẽ	?	?	k õ n ẽ	k o n e	k õ n ẽ	?	?	k o n e
119-tobite-38	?	k ũ n ĩ	k ũ n ĩ	kʰ ũ ʔ i	k ũ ʔ i	k ũ	k õ k ɨ	?	k u ˀk u	?	k ũ ˀn ĩ	k ũ i	?	?	k ũ ɾ ĩ	k ũ
119-tobite-142	?	?	?	?	?	?	?	?	?	b a k a	?	?	?	?	?	?
17-capybara-39	?	?	?	kʷ ẽ s o	kʷˀ e s o	?	kʷ e s o	?	k e h u	?	?	?	?	k e t u	?	kʷ e tʲ u
133-wait-40	?	k o d e	k o d e	?	?	k o d e	u t e	k o ˀt a	?	?	k o ˀt e	ɨ̃ t e	?	h o t e	k o ɾ e	kʷ ɨ tˀ e
77-macaw-41	?	m ã h ã	m ã h ã	m a a	m a	m ã	t o a m a	m ã h ã	?	?	m ã h ã	m a	m a a	?	?	m a h a
71-know-42	?	m ã ts ĩ	m ã s ĩ	m a s i	m a ˀs i	m a h i	?	m ã s ĩ	?	m ã s ĩ	m ã s ĩ	?	?	m a s i	?	m a s i
94-path-43	?	m a a	m ã ʔ ã	m a ʔ a	m a ʔ a	m ã	m a ʔ a	m ã ʔ ã	m ã ʔ ã	m a a	m ã	m a	m ã ʔ ã	m a a	?	m a ʔ a
3-antsp-44	?	m ẽ k ã	m ẽ ŋ ã	m e kʰ a	m e a	m ẽ ã	?	m ã tʃ ɨ̃	m ẽ k ã	?	m ẽ k ã	m e k a	m ẽ k ã	m e kʲ a	?	m e k a
63-hummingbird-45	?	m ĩ m ĩ	m ĩ m ĩ	m i m i	m i m i	m ĩ m ĩ	m i m i	w̃ ĩ ˀm ĩ	?	?	m ĩ m ĩ	m i m i	m ĩ m ĩ	m i m i	?	m i m i
142-youall-46	?	m ɨ̃ ã	m ɨ̃ ã	m ɨ s a n ɨ kʰ o n a	m ɨ s a k w a	m ɨ̃ h ã	m ɨ s a ɾ u	m ɨ̃ h ã	m ĩ h ã	m ɨ̃ ã	m ɨ̃ s ã	m ɨ s a	m ɨ̃ s ã	m ɨ t a	?	m ɨ ts a
123-tobacco-47	?	m ɨ̃ ˀn õ	m ũ n ũ	m ɨ t o	m u t o	?	m ɨ t o	m ɨ̃ ˀt õ	m ĩ ˀɾ õ	m ɨ̃ n õ	m ɨ̃ ˀn õ	m ɨ t o	m ɨ̃ n õ	m ɨ n o	?	m ɨ tˀ o
82-mosquito-48	?	m ɨ̃ t ẽ	m ɨ̃ n ẽ	m ɨ tʰ e	m ɨ t e	m ɨ̃ t ẽ	m u ˀt e	m ɨ̃ t ẽ	m ĩ ɾ ĩ	m ɨ̃ t ẽ	m ɨ̃ t ẽ	m ɨ t e	m ɨ̃ t ẽ	m ɨ n e	?	m ɨ t e
22-charcoal2-49	?	?	?	n e o	n e o	n ẽ õ	n ẽ õ	?	?	?	?	n e o	?	?	?	n e o
16-buritipalm-50	?	ɾ ẽ e	n ẽ ʔ ẽ	n e ʔ e	n e ʔ e	n ẽ ĩ	n ẽ ʔ ẽ	n ã ʔ ã	?	?	n ẽ ʔ ẽ	?	n e e	?	?	n e ʔ e
21-charcoal1-51	?	ɾ ĩ t ĩ	n ĩ t ĩ	?	?	?	?	n ĩ t ĩ	n ĩ t ĩ	n ĩ t ĩ	n ĩ t ĩ	?	n ĩ t ĩ	?	?	n i tː i
111-stop-52	?	ɾ ɨ̃ ŋ õ	n ũ ŋ ũ	n ɨ kʰ a	n ɨ̃ k a	n ú/u	n ɨ̃ k a	?	?	n ũ k ũ	n ɨ̃ ˀk ã	n ɨ k a	n ɨ̃ k ã	?	?	n ɨ kˀ
96-penis-53	?	?	?	?	?	n õ ẽ	?	n ũ n ɨ̃	ɾ ũ ɾ i	?	n ũ n ĩ	n o a	n ũ n ĩ	n o n i	?	n o
96-penis-143	?	?	?	?	?	?	?	?	?	s e j u a	?	?	?	?	?	?
120-tocry-54	?	o t i	o t i	o i	o i	o	o i	t i	?	u t i	?	o i	o t i	?	o t i	o
7-bat-55	o s o	o tʃ o	o j o	o j o	o j o	o j o	o j o	?	o j o	o s o	o s o	o j o	o s o	h o i j o	?	o j o
135-water-56	?	o k o	d e k o	o kʰ o	o k o	o k o	o k o	k o	o k o	o k o	o k o	o k o	o k o	k o t a p u	?	o kː o
98-plant-57	?	o t e	o t e	o tʰ e	o t e	o t e	o t e	t o a	h o t o	o t e	o t e	o t e	o t e	?	?	o tː e
74-larva-58	?	b e k o	b e k a	p e kʰ o	pˀ e k o	?	pˀ e k o	?	?	?	b e k o	b e k u	b e k o	?	?	pˀ e kː o
108-spider-59	?	b ɨ h ɨ	b ɨ p ɨ	h ɨ̃ h ɨ̃	h ɨ̃ h ɨ̃	p ɨ̃ p ɨ̃	?	w ɨ p ɨ	?	b ɨ p ɨ	b ɨ p ɨ	h ɨ̃ h ɨ̃	b ɨ p ɨ	h e h e	b ɨ b ɨ	pˀ ɨ p ɨ
115-termite-60	?	b u t u	b u d u	?	?	?	?	b u t u	b u t u	?	b u t u	?	b u t u	p o ɾ u	?	pˀ u t u
97-people-61	?	m ã tʃ ã	?	p ã i	pˀ ã	m ã h ã	pˀ ã i	m ã h ã	m ã h ã	b a s o	m ã s ã	m ã ĩ	m ã s ã	m a t a ɾ ɨ	m ã ts ã	pˀ ã ts ã
28-dance-62	?	b a ts a	b a j a	?	?	b a j a	?	b a s a	b a j a	b a s a	b a s a	t ɨ t e	b a s a	?	?	pˀ a j a
45-fishingnet-63	?	b a h i	?	?	?	p a p i	?	?	?	b a p i	?	?	b a p i	?	?	pˀ a p i
65-ingafruitsp-64	?	m ẽ n ẽ	m ẽ h ẽ	p e n e	pˀ e n e	m ẽ n ẽ	pˀ e n ẽ	m ẽ n ẽ	?	?	m ẽ n ẽ	m e n e	m ẽ n ẽ	m e ˀn e	?	pˀ e n e
32-duck-65	?	?	?	p e t e	pˀ e t e	b e d e	pˀ e t e	?	?	?	?	?	?	?	?	pˀ e t e
25-chili-66	b i a	b i a	b i a	p i a	pˀ i a	b i a	pˀ i a	b i a	b i a	b i a	b i a	b i a	b i a	b i a	?	pˀ i a
109-squeeze-67	?	b u h e	b i p i	?	?	p i p o	?	w i p e	?	?	b i p e	?	?	?	?	pˀ i p o
109-squeeze-144	?	?	?	?	?	?	?	?	?	w̃ ã j ĩ ã	?	?	?	?	?	?
35-elder-68	?	b ɨ k ɨ	b ɨ ɡ ɨ	?	?	b ɨ k ɨ	?	b ɨ k ɨ	?	b ɨ k ɨ	b ɨ k ɨ	?	b ɨ k ɨ	b ɨ i k ɨ	?	pˀ ɨ k ɨ
136-white-69	?	b o t i	b o d e	p o	pˀ o	b o	pˀ o	b o ˀt a	b o i	b u t i	b u t i	b o	b o t i	p o	?	pˀ o
122-toadsp-70	?	m o m o	m o m a	h o h o	?	p o p o	h o h o	w a ˀm u	?	?	m o ˀm o	?	?	?	?	pˀ o p a
14-break-71	?	b o h e	b o h e	h ũ h e	?	p o p e	h o ʔ a	p o ʔ a	?	p a a	b o p e	h o a	?	?	?	pˀ o p e
132-urucumachiote-72	?	m ũ tʃ ã	m ũ s ã	p ũ s a	pˀ õ s a	m ũ h ã	pˀ õ s a	?	m ũ h ã	?	m õ s ã	b o s a	m ũ s ã	m u hʲ a	?	pˀ õ s a
132-urucumachiote-148	?	?	?	?	?	?	?	m ã s ĩ + s õ a	?	?	?	?	?	?	?	?
4-aracufish-73	?	b o d e k a	b o d e k a	?	?	b o d i k a	?	b o ˀt e a	b o t a k a	?	b o ˀt e a	?	b o t e k a	p o ɾ e kʲ a	?	pˀ o tˀ i k a
113-swell-74	?	m ĩ h ĩ	b i h i	?	h u h u	?	?	w i p i	ɸ ĩ ɸ i	b i p i	b i p i	h u h u	?	?	?	pˀ u p i
40-father-75	?	h a k ɨ	p a ɡ ɨ	h a kʰ ɨ	h a k ɨ	p a k ɨ	h a k ɨ	pʰ ɨ k ɨ	ɸ a k i	p a k ɨ	p a k ɨ	h a k ɨ	p a k ɨ	h a k ɨ	?	p a k ɨ
8-big-76	p a h i	h a i	?	?	h a i	?	h a i	?	?	p a i	p a h i	h a i	p a i	?	?	p a h i
5-armadillo-77	p ã m õ	h ã m õ	p ã m õ	h a m u	h ã m u	p ã m ũ	h ã m o	p ã m õ	ɸ ã m ũ	?	p ã m õ	?	p ã m õ	h a m u	?	p ã m u
46-float-78	?	h a j a	p a j a	?	?	?	?	p a ˀs a	?	p a s a	p a ˀs a	?	p a s a	?	?	p a ˀj a
42-fire-79	?	h e a	p e a	h ẽ kʰ a	h ẽ k a	p e k a	h e k a	pʰ i tʃ a	ɸ e k a	p e k a	p e k a	h e k a	p e e	h e kʲ a	?	p e k a
37-end-80	?	h e d i	p e ˀd e a	?	?	?	?	p i ˀt i	?	?	p e ˀt i	?	?	p e t i	?	p e tˀ i
124-tocandiraant-81	?	h e t a	p e d a	?	?	p i a d a	?	pʰ i t a	ɸ a t a	?	p e t a	?	p e t a	h a t a	?	p i a t a
92-palmweevil-82	?	h ĩ k õ	p ĩ ŋ ũ	h ĩ ˀkʰ o	h ĩ k o	p ĩ k õ	h ĩ k o	pʰ i tʃ o	ɸ ĩ k õ	?	p ĩ k õ	h ɨ̃ k o	?	?	?	p ĩ k o
56-handpalm-83	?	?	?	h ɨ̃ tʰ ɨ	ɨ̃ t ɨ	p ɨ d ɨ	h ɨ̃ t ɨ	?	ɸ i t a	?	?	h ɨ̃ t ɨ	?	?	?	p ɨ t ɨ
116-thorn-84	?	h o t a	p o d a	?	?	?	?	pʰ o t a	ɸ o t a	?	p o t a	?	p o t a	?	?	p o t a
12-blow-85	?	h u t i	p u d i	h u i	h u i	p u	h u	p u t i	?	?	p u t i	h ú/u i	p u t i	?	p u ɾ i	p u
90-paca-86	?	tʃ ẽ m ẽ	s ẽ m ẽ	s e m e	s e m e	h ẽ m ẽ	s e m e	s ã m ã	h ẽ m ẽ	?	s ẽ m ẽ	s e m e	h ẽ m ẽ	?	?	s e m e
105-rub-87	?	tʃ ĩ ŋ ẽ	?	?	?	h ĩ h ũ	?	tʰ u + s a ˀk a	?	t u u + s ã k ẽ	s ã ˀk ẽ	?	h ĩ k ẽ	?	?	s ĩ kˀ e
81-monkeysp-88	?	i tʃ i k a m u	?	s i s i k o ˀɾ o ɾ o	s i s i	h i h i j o	?	m ẽ n ẽ + ĩ ˀs ĩ	?	?	?	tʃ i tʃ i	s i i	?	?	s i s i
121-tosmokemeat-89	?	tʃ e tʃ o	s i j u	s ɨ j o	s ẽ j o	h ɨ j o w a	s ɨ j o	s ɨ s o	?	?	s ɨ ˀs o	s ɨ j o	s i s o	ã s ɨ	s i j u	s ɨ ˀj o
6-back-90	?	?	s ũ ŋ ũ	s õ kʰ ɨ	?	?	?	s ũ k ũ	?	s u k u	s ũ k ũ	?	h õ k ɨ̃	?	?	s õ k ɨ
100-pot-91	?	tʃ o t ɨ	s o d o	tʰ o tʰ o	s o t o	h o d o	s o t o	s i t u	h o t o	s o t ɨ	s ɨ t ɨ	t o t o	h o t ɨ	?	?	s o t
102-red-92	?	tʃ ũ ã	?	?	?	h ũ ã	?	s õ ʔ ã	h ũ ã	s õ ã	s õ ʔ ã	?	h õ a	?	?	s õ ʔ a
104-root-93	?	?	n ũ ŋ ũ	?	?	n ɨ̃ õ	?	n ɨ̃ ˀk õ	ɾ ĩ k õ	n ɨ̃ k õ	n ɨ̃ ˀk õ	?	n ɨ̃ ˀk õ	?	?	tˀ ɨ̃ kˀ o
58-heavy-94	?	ɾ ɨ̃ k ɨ̃	n ɨ̃ k ɨ̃	ɾ ɨ kʰ ɨ	d ɨ k ɨ	d ɨ k ɨ	d ɨ k ɨ	n ɨ̃ k ɨ̃	ɾ ĩ k ĩ	n ɨ̃ k ɨ̃	n ɨ̃ k ɨ̃	d ɨ k ɨ	n ɨ̃ k ɨ̃	?	?	tˀ ɨ kː ɨ
137-wife-95	?	?	?	ɾ ɨ h o	n ɨ̃ h o	?	d ɨ h o	n ã m õ	ɾ ũ m ũ	n ɨ̃ m õ	n ɨ̃ m õ	n ɨ h o	n ɨ̃ m õ	?	?	tˀ ɨ̃ p o
27-cut-96	?	ɾ u t e	?	ɾ u ˀtʰ e	t ɨ̃ t e	?	?	d ɨ t e	?	?	d ɨ t e	?	?	?	?	tˀ ɨ tː e
27-cut-145	?	?	?	?	?	?	?	?	?	?	?	j ɨ i	?	?	?	?
129-trairafish-97	?	ɾ o e	d o e	ɾ o j e	?	d o j e	d o j e	?	ɾ o j e	?	d o e	?	ɾ o s e	?	?	tˀ o j e
139-woman-98	?	ɾ õ m ĩ õ	n õ m ẽ õ	ɾ o m i o	n o m i	n õ m ĩ	n õ m i o	n ũ m ĩ n õ	ɾ õ m õ	n ũ m ĩ õ	n ũ m ĩ õ	n o m i o	ɾ õ m ĩ õ	?	?	tˀ õ m i
31-dove-99	?	ts i o ɾ o	?	s i ʔʷ i	tʃ i ʔʷ i	h u d e	s ɨ ɾ a	s i ɾ i p i	?	?	s i ɾ i	s ɨ n i	?	?	?	tʃ ɨ
51-gather-100	?	ts ã a	?	s i a	tʃ i a	h e w a	s i a	s a a	?	?	s u a	tʃ i a	h e e	?	?	tʃ ɨ a
87-navel-101	?	tʃ õ m ɨ̃	s ũ m ũ	s ũ h ũ	tʃ õ h õ	h õ m ɨ̃	s õ h õ	s ɨ̃ m ɨ̃ k ã	h ũ m ũ	s ũ m ũ ã	s ũ m ũ	s õ h õ	h õ m ɨ̃	t o u	tʃ ũ m ũ	tʃ õ pˀ ɨ
54-grass-102	?	t a a	t a a	tʰ a j a	t a j a	d a	t a j a	tʰ a a	t a j a	t a a	t a a	t a j a	t a a	t a j a	?	t a j a
80-monkey-103	?	ɡ a k e	ɡ a k i	t ã kʰ e	t ã k e	t a k e	t ã k e	k a	t a k e	a k e	a k e	t ã k e	a k e	?	?	t a kː e
24-chew-104	?	?	?	j a k i	?	h ã h ɨ̃	sˀ ã k i	j a ˀk a	?	j a ɡ e	j a ˀɡ e	n a k i	?	?	?	tsˀ ã kˀ ɨ
128-toucan-105	?	?	n ã s ĩ	j ã s e	j ã s e	h o e w e	j ã s e	d a s e	n ã h ẽ	?	ɾ a tʃ e	?	d a s a	ɾ a s e	?	tsˀ a s e
125-tongue-106	?	ɲ ẽ m ẽ	?	j e m e	sˀ e m e	h ẽ m ẽ	sˀ e m e	ɲ ã m ã	?	ɲ ẽ m ẽ	ɲ ẽ m ẽ	n e m e	ɲ ẽ m ẽ	j a m e	?	tsˀ e m e
9-black-107	?	ɲ ĩ ĩ	ɲ ĩ ĩ	j i	sˀ i	ɲ ẽ m ĩ	?	ɲ ĩ ĩ	n ẽ ʔ ĩ	ɲ ĩ ĩ	ɲ ĩ ĩ	n e a	ɲ ĩ ĩ	?	?	tsˀ ĩ
34-egg-108	?	ɾ i a	?	j i a	sˀ i a	h ĩ d ɨ	sˀ i a	d i e	ɾ i a	d i j e	d i e	j i a	ɾ i a	?	?	tsˀ i a
39-face-109	?	ɾ i a	d i a	j i a	?	h i w a	sˀ i a	?	?	d i a + p o a	d i a	j i a	ɾ i a	?	?	tsˀ i a
103-river-110	?	ɾ i a	d i a	j i a	sˀ i a	h i a	sˀ i a	d i a	ɾ i a	d i a	d i a	j i a	ɾ i a	ɾ a	?	tsˀ i a
11-blood-111	?	ɾ i i	d i i	j i e	sˀ i e	h i w e	sˀ i e	d i	ɾ i b e	d i i	d i i	?	ɾ i i	ɾ i e ɾ i	?	tsˀ i e
72-lake-112	?	?	d i t a	?	sˀ i t a d a	h i t a	?	?	?	t a ɾ o	d i t a	tʃ i t a	?	ɾ i t a	t i t a	tsˀ i tː a
57-head-113	?	ɾ i h o	d i p u	s ĩ h õ	sˀ ĩ h õ	h i p o	s ĩ õ	d a p u	ɾ u ɸ u	d u p u	d ɨ p o	tʃ i o	ɾ ɨ p o	?	d ɨ p ɨ	tsˀ ɨ p o
83-mouth1-114	?	ɾ i tʃ e	d i s i	?	?	h i h e	?	d ɨ s e	ɾ i h o	ɨ s e	ɨ ˀs e	?	ɾ i s e	ɾ i s e p u	d i ts i	tsˀ ɨ s e o
30-distant-115	?	j o a	j o a	?	sˀ o a	h o a	s o ʔ o	j o a	j o e	j o a	j o a	d o a	j o a	j o e	?	tsˀ o a
70-kingfisher-116	?	ɲ ã s ã	s ã n ã	s ã ˀs a	?	h ã h ã	sˀ ã ˀs a	s ã n ã	h ã h ã	?	s ã n ã	?	ɲ ã s ã	?	s ã s ã	ts ã s a
95-peccary-117	?	j e tʃ e	j e s e	s ẽ s e	s ẽ s e	h ẽ h ẽ	s ẽ s e	j e s e	h ẽ h ẽ	j e s e	j e s e	s ẽ s e	?	j e s e	ts e ts e	ts ẽ s e
99-poison-118	?	?	n ĩ m ã	j i m a	?	h ĩ m ã	sˀ ĩ m a	ɲ ĩ m ã	?	n ĩ m ã	n ĩ m ã	?	n ĩ m ã	?	?	ts i m a
55-green-119	?	ts ɨ̃ m ẽ	?	?	s ɨ h o	h ɨ̃ m ẽ	?	?	h ĩ ˀm ĩ	s ɨ̃ m ẽ ɾ̃ ẽ	s ɨ ˀm e	?	h ɨ̃ m ẽ	t ɨ m ɨ	ts ɨ m ɨ	ts ɨ̃ pˀ e
26-cold-120	?	ɨ ts a	j ɨ s a	s ɨ s ɨ	s ɨ s ɨ	h ɨ h ɨ	s ɨ s ɨ	j ɨ s ɨ	h i ˀh i a	j ɨ s ɨ a	j ɨ s ɨ a	s ɨ s ɨ	?	j ɨ s ɨ a	ts e s ɨ	ts ɨ s i
130-tree-121	?	j u k ɨ	j u k ɨ	s ũ k i j̃ ɨ	s ũ k i	h o k ɨ	s õ k ɨ	j u k ɨ	h ũ k ĩ	j u k ɨ	j u k ɨ	s ũ k i j̃ i	j u k ɨ	t o k ɨ	?	ts ũ kː ɨ
66-insectsp-122	?	u s i	?	s ũ s i	s u s i	h u h i	?	j ĩ	?	?	?	?	?	t o s i	ts u ts i ɡ a	ts u s i
49-fruitsp-123	?	t o a	?	tʰ o a	t o a	t o a	t o a	tʰ o a	?	?	t o a	t o a	?	?	?	t o a
112-stump-124	?	t u t u	t u d u	tʰ u u	t u	t u t u d i	t u	tʰ u t u	?	?	t u t u	t u	t u t u	?	?	t u
91-pacufish-125	?	u h u	u h u	?	?	?	?	?	?	?	u h u	?	?	h o h u	?	u h u
15-breast-126	?	õ h ẽ	ã p ĩ	o h e	o h e	o p e	o h e	p ẽ n õ	ũ ˀp e	õ p ẽ ã	õ p ẽ	o h e	ũ p ẽ	h u h e ɾ i	?	u p e
134-wasp-127	?	u t i	u t i	u tʰ i	u t i	u tʃ i	u t i	t i	u t i	u t i a	u t i	u t i	u t i	h u t i	?	u tː i
44-fishwithanet-128	?	w a j a	w a j a	w a j o	?	?	?	w a ˀs a	?	?	w a ˀs a	b e j o	?	?	?	w a j a
23-cheek-129	?	w a j u	w a ˀj u	w a j o	w a j o	w ɨ o	w a j o	w a ˀs u	?	w a s o p u	w a ˀs u	b a j o	w a s o	?	?	w a j o
86-name-130	?	w̃ ã m ẽ	w̃ ã ĩ	m a m i	m a m i	ã m ĩ	m a m i	w̃ ã m ã	w̃ ã m ẽ	w̃ ã m ẽ	w̃ ã m ẽ	m a m i	w̃ ã m ẽ	?	?	w ã m i
85-mythicalbeing-131	?	w ã t i	w ã t i	w a tʰ i	w a t i	ã tʃ ĩ	w a t i	w ã t i	w ã t i	?	w ã t i	ã i	w ã t i	?	?	w ã tː i
43-fish-132	?	w a i	w a ʔ i	w a ʔ i	w a ʔ i	w a w i	w a ʔ i	w a ʔ i	w a ʔ i	w a i	w a ʔ i	b a i	?	w a i	?	w a ʔ i
114-tapir-133	?	w e k ɨ	w e k ɨ	w e kʰ ɨ	w e k ɨ	w e k ɨ	w ẽ k ɨ	w a tʃ ɨ	?	w e k ɨ	w e k ɨ	b e k ɨ	?	w e k ɨ	?	w e kː ɨ
93-parrot-134	?	w e k o	w e k o	w e k o	w e k o	w e k o	w e k o	w a tʃ o	?	w e k o	w e k o	b e k o	w e k o	?	?	w e kː o
50-garden-135	?	w e ts e	w e s e	w e ˀs e	?	?	w e ˀs e	w e s e	?	w e s e	w e s e	b e s e	?	?	?	w e s e
10-blackink-136	?	w e i	?	?	?	w e i	?	?	?	?	?	?	?	?	?	w e ʔ e
68-jenipapo-136	?	?	?	w e ʔ e	?	?	?	?	?	?	?	?	?	?	?	?
138-wind-137	?	m ĩ n õ	m ĩ n ũ	?	?	?	?	w ĩ n õ	w ĩ ɾ õ	w ĩ n õ	w ĩ n õ	?	w̃ ĩ n õ	?	w í/i n e	w ĩ n o
62-house-138	?	w i	w i ʔ i	w ɨ ʔ e	w ɨ ʔ e	w ɨ e	w ɨ ʔ e	w ɨ ʔ ɨ	w i ʔ i	w i i	w i ʔ i	u e	w i i	w ɨ ɾ i	?	w ɨ ʔ e
118-thunder-139	?	b ɨ h o	b u p u	?	m ɨ h o	õ p õ	m o h o	w ɨ p o	a w ĩ ɸ o	b ɨ p o	b ɨ p o	m ɨ h a	?	m ɨ ˀh o	?	w ɨ̃ p o
2-agouti-140	?	b u u	b u i	w ɨ ɨ	w ɨ	b u ɨ	w ɨ	b u u	b u i	?	b u u	?	b u u	?	?	w u ɨ
110-stone-141	k ɨ̃ t ã	ŋ ɨ̃ t ã	ɨ̃ t ã	k a tʰ a	kˀ a t a	?	k ɨ n a	?	ã t a	ɨ̃ t ã	ɨ̃ t ã	?	ɨ̃ t ã	?	ɡ ɨ ɾ ɨ	kˀ ɨ̃ t a
