Number	Proto	Context	Reflexes	Source	Target
1	h		∅,h	h	∅
3	j	V_V	j,h,s,tʃ,j/tʃ	j	j̥
3	j	V_V	j,h,s,tʃ,j/tʃ	j̥	j̥ˀ
3	j	V_V	j,h,s,tʃ,j/tʃ	j̥ˀ	h
3	j	V_V	j,h,s,tʃ,j/tʃ	j	ɦ
3	j	V_V	j,h,s,tʃ,j/tʃ	ɦ	h
3	j	V_V	j,h,s,tʃ,j/tʃ	j	ʝ
3	j	V_V	j,h,s,tʃ,j/tʃ	ʝ	ʐ
3	j	V_V	j,h,s,tʃ,j/tʃ	ʐ	ʂ
3	j	V_V	j,h,s,tʃ,j/tʃ	ʂ	s
3	j	V_V	j,h,s,tʃ,j/tʃ	j	ɦ
3	j	V_V	j,h,s,tʃ,j/tʃ	ɦ	ʐ
3	j	V_V	j,h,s,tʃ,j/tʃ	ʐ	z
3	j	V_V	j,h,s,tʃ,j/tʃ	z	s
3	j	V_V	j,h,s,tʃ,j/tʃ	j	ɻ
3	j	V_V	j,h,s,tʃ,j/tʃ	ɻ	ʐ
3	j	V_V	j,h,s,tʃ,j/tʃ	ʐ	z
3	j	V_V	j,h,s,tʃ,j/tʃ	z	s
3	j	V_V	j,h,s,tʃ,j/tʃ	j	j̥
3	j	V_V	j,h,s,tʃ,j/tʃ	j̥	j̥ˀ
3	j	V_V	j,h,s,tʃ,j/tʃ	j̥ˀ	ʂ
3	j	V_V	j,h,s,tʃ,j/tʃ	ʂ	s
3	j	V_V	j,h,s,tʃ,j/tʃ	j	j̥ˀ
3	j	V_V	j,h,s,tʃ,j/tʃ	j̥ˀ	j̥
3	j	V_V	j,h,s,tʃ,j/tʃ	j̥	ç
3	j	V_V	j,h,s,tʃ,j/tʃ	ç	c
3	j	V_V	j,h,s,tʃ,j/tʃ	c	t͡ɕ
3	j	V_V	j,h,s,tʃ,j/tʃ	t͡ɕ	t͡ʃ
3	j	V_V	j,h,s,tʃ,j/tʃ	j	j̥ˀ
3	j	V_V	j,h,s,tʃ,j/tʃ	j̥ˀ	j̥
3	j	V_V	j,h,s,tʃ,j/tʃ	j̥	ɕ
3	j	V_V	j,h,s,tʃ,j/tʃ	ɕ	t͡ɕ
3	j	V_V	j,h,s,tʃ,j/tʃ	t͡ɕ	t͡ʃ
3	j	V_V	j,h,s,tʃ,j/tʃ	j	ʝ
3	j	V_V	j,h,s,tʃ,j/tʃ	ʝ	ʑ
3	j	V_V	j,h,s,tʃ,j/tʃ	ʑ	d͡ʑ
3	j	V_V	j,h,s,tʃ,j/tʃ	d͡ʑ	t͡ɕ
3	j	V_V	j,h,s,tʃ,j/tʃ	t͡ɕ	t͡ʃ
3	j	V_V	j,h,s,tʃ,j/tʃ	j	ʝ
3	j	V_V	j,h,s,tʃ,j/tʃ	ʝ	ɟ
3	j	V_V	j,h,s,tʃ,j/tʃ	ɟ	c
3	j	V_V	j,h,s,tʃ,j/tʃ	c	t͡ɕ
3	j	V_V	j,h,s,tʃ,j/tʃ	t͡ɕ	t͡ʃ
3	j	V_V	j,h,s,tʃ,j/tʃ	j	ʝ
3	j	V_V	j,h,s,tʃ,j/tʃ	ʝ	ʑ
3	j	V_V	j,h,s,tʃ,j/tʃ	ʑ	d͡ʑ
3	j	V_V	j,h,s,tʃ,j/tʃ	d͡ʑ	d͡ʒ
3	j	V_V	j,h,s,tʃ,j/tʃ	d͡ʒ	t͡ʃ
3	j	V_V	j,h,s,tʃ,j/tʃ	j	ɦ
3	j	V_V	j,h,s,tʃ,j/tʃ	ɦ	ʒ
3	j	V_V	j,h,s,tʃ,j/tʃ	ʒ	ʃ
3	j	V_V	j,h,s,tʃ,j/tʃ	ʃ	t͡ʃ
3	j	V_V	j,h,s,tʃ,j/tʃ	j	j̥
3	j	V_V	j,h,s,tʃ,j/tʃ	j̥	j̥ˀ
3	j	V_V	j,h,s,tʃ,j/tʃ	j̥ˀ	h
3	j	V_V	j,h,s,tʃ,j/tʃ	h	t͡ʃ
3	j	V_V	j,h,s,tʃ,j/tʃ	j	j̥ˀ
3	j	V_V	j,h,s,tʃ,j/tʃ	j̥ˀ	j̥
3	j	V_V	j,h,s,tʃ,j/tʃ	j̥	ç
3	j	V_V	j,h,s,tʃ,j/tʃ	ç	c
3	j	V_V	j,h,s,tʃ,j/tʃ	c	t͡ɕ
3	j	V_V	j,h,s,tʃ,j/tʃ	t͡ɕ	t͡ʃ
3	j	V_V	j,h,s,tʃ,j/tʃ	j	j̥ˀ
3	j	V_V	j,h,s,tʃ,j/tʃ	j̥ˀ	j̥
3	j	V_V	j,h,s,tʃ,j/tʃ	j̥	ɕ
3	j	V_V	j,h,s,tʃ,j/tʃ	ɕ	t͡ɕ
3	j	V_V	j,h,s,tʃ,j/tʃ	t͡ɕ	t͡ʃ
3	j	V_V	j,h,s,tʃ,j/tʃ	j	ʝ
3	j	V_V	j,h,s,tʃ,j/tʃ	ʝ	ʑ
3	j	V_V	j,h,s,tʃ,j/tʃ	ʑ	d͡ʑ
3	j	V_V	j,h,s,tʃ,j/tʃ	d͡ʑ	t͡ɕ
3	j	V_V	j,h,s,tʃ,j/tʃ	t͡ɕ	t͡ʃ
3	j	V_V	j,h,s,tʃ,j/tʃ	j	ʝ
3	j	V_V	j,h,s,tʃ,j/tʃ	ʝ	ɟ
3	j	V_V	j,h,s,tʃ,j/tʃ	ɟ	c
3	j	V_V	j,h,s,tʃ,j/tʃ	c	t͡ɕ
3	j	V_V	j,h,s,tʃ,j/tʃ	t͡ɕ	t͡ʃ
3	j	V_V	j,h,s,tʃ,j/tʃ	j	ʝ
3	j	V_V	j,h,s,tʃ,j/tʃ	ʝ	ʑ
3	j	V_V	j,h,s,tʃ,j/tʃ	ʑ	d͡ʑ
3	j	V_V	j,h,s,tʃ,j/tʃ	d͡ʑ	d͡ʒ
3	j	V_V	j,h,s,tʃ,j/tʃ	d͡ʒ	t͡ʃ
3	j	V_V	j,h,s,tʃ,j/tʃ	j	ɦ
3	j	V_V	j,h,s,tʃ,j/tʃ	ɦ	ʒ
3	j	V_V	j,h,s,tʃ,j/tʃ	ʒ	ʃ
3	j	V_V	j,h,s,tʃ,j/tʃ	ʃ	t͡ʃ
3	j	V_V	j,h,s,tʃ,j/tʃ	j	j̥
3	j	V_V	j,h,s,tʃ,j/tʃ	j̥	j̥ˀ
3	j	V_V	j,h,s,tʃ,j/tʃ	j̥ˀ	h
3	j	V_V	j,h,s,tʃ,j/tʃ	h	t͡ʃ
4	k	#_	k,kʰ	k	kʰˀ
4	k	#_	k,kʰ	kʰˀ	kʰ
5	k	V_V	k,ɡ,kʰ	k	ɡ
5	k	V_V	k,ɡ,kʰ	k	kʰˀ
5	k	V_V	k,ɡ,kʰ	kʰˀ	kʰ
6	k	i,e_	k,tʃ,kʰ	k	k͡x
6	k	i,e_	k,tʃ,kʰ	k͡x	t͡ɕ
6	k	i,e_	k,tʃ,kʰ	t͡ɕ	t͡ʃ
6	k	i,e_	k,tʃ,kʰ	k	kʰˀ
6	k	i,e_	k,tʃ,kʰ	kʰˀ	kʰ
7	k	~V_V	∅,k,ɡ,kʰ	k	∅
7	k	~V_V	∅,k,ɡ,kʰ	k	ɡ
7	k	~V_V	∅,k,ɡ,kʰ	k	kʰˀ
7	k	~V_V	∅,k,ɡ,kʰ	kʰˀ	kʰ
8	kː		k,kʰ	kː	k
8	kː		k,kʰ	kː	k
8	kː		k,kʰ	k	kʰˀ
8	kː		k,kʰ	kʰˀ	kʰ
8	kː		k,kʰ	kː	kʰː
8	kː		k,kʰ	kʰː	kʰˀ
8	kː		k,kʰ	kʰˀ	kʰ
9	kˀ	#_	kˀ ,kˀ,ɡ/∅,kʰ,∅,k,k/ɡ,ɡ	kˀ	ˀk
9	kˀ	#_	kˀ ,kˀ,ɡ/∅,kʰ,∅,k,k/ɡ,ɡ	ˀk	ɡˀ
9	kˀ	#_	kˀ ,kˀ,ɡ/∅,kʰ,∅,k,k/ɡ,ɡ	ɡˀ	ɠ
9	kˀ	#_	kˀ ,kˀ,ɡ/∅,kʰ,∅,k,k/ɡ,ɡ	ɠ	ɠˀ
9	kˀ	#_	kˀ ,kˀ,ɡ/∅,kʰ,∅,k,k/ɡ,ɡ	ɠˀ	ˀɡ
9	kˀ	#_	kˀ ,kˀ,ɡ/∅,kʰ,∅,k,k/ɡ,ɡ	ˀɡ	ɡ
9	kˀ	#_	kˀ ,kˀ,ɡ/∅,kʰ,∅,k,k/ɡ,ɡ	kˀ	ˀk
9	kˀ	#_	kˀ ,kˀ,ɡ/∅,kʰ,∅,k,k/ɡ,ɡ	ˀk	k
9	kˀ	#_	kˀ ,kˀ,ɡ/∅,kʰ,∅,k,k/ɡ,ɡ	k	ɡ
9	kˀ	#_	kˀ ,kˀ,ɡ/∅,kʰ,∅,k,k/ɡ,ɡ	kˀ	ˀk
9	kˀ	#_	kˀ ,kˀ,ɡ/∅,kʰ,∅,k,k/ɡ,ɡ	ˀk	∅
9	kˀ	#_	kˀ ,kˀ,ɡ/∅,kʰ,∅,k,k/ɡ,ɡ	kˀ	ˀk
9	kˀ	#_	kˀ ,kˀ,ɡ/∅,kʰ,∅,k,k/ɡ,ɡ	ˀk	k
9	kˀ	#_	kˀ ,kˀ,ɡ/∅,kʰ,∅,k,k/ɡ,ɡ	k	kʰˀ
9	kˀ	#_	kˀ ,kˀ,ɡ/∅,kʰ,∅,k,k/ɡ,ɡ	kʰˀ	kʰ
9	kˀ	#_	kˀ ,kˀ,ɡ/∅,kʰ,∅,k,k/ɡ,ɡ	kˀ	ˀk
9	kˀ	#_	kˀ ,kˀ,ɡ/∅,kʰ,∅,k,k/ɡ,ɡ	ˀk	∅
9	kˀ	#_	kˀ ,kˀ,ɡ/∅,kʰ,∅,k,k/ɡ,ɡ	kˀ	ˀk
9	kˀ	#_	kˀ ,kˀ,ɡ/∅,kʰ,∅,k,k/ɡ,ɡ	ˀk	k
9	kˀ	#_	kˀ ,kˀ,ɡ/∅,kʰ,∅,k,k/ɡ,ɡ	kˀ	ˀk
9	kˀ	#_	kˀ ,kˀ,ɡ/∅,kʰ,∅,k,k/ɡ,ɡ	ˀk	k
9	kˀ	#_	kˀ ,kˀ,ɡ/∅,kʰ,∅,k,k/ɡ,ɡ	kˀ	ˀk
9	kˀ	#_	kˀ ,kˀ,ɡ/∅,kʰ,∅,k,k/ɡ,ɡ	ˀk	ɡˀ
9	kˀ	#_	kˀ ,kˀ,ɡ/∅,kʰ,∅,k,k/ɡ,ɡ	ɡˀ	ɠ
9	kˀ	#_	kˀ ,kˀ,ɡ/∅,kʰ,∅,k,k/ɡ,ɡ	ɠ	ɠˀ
9	kˀ	#_	kˀ ,kˀ,ɡ/∅,kʰ,∅,k,k/ɡ,ɡ	ɠˀ	ˀɡ
9	kˀ	#_	kˀ ,kˀ,ɡ/∅,kʰ,∅,k,k/ɡ,ɡ	ˀɡ	ɡ
9	kˀ	#_	kˀ ,kˀ,ɡ/∅,kʰ,∅,k,k/ɡ,ɡ	kˀ	ˀk
9	kˀ	#_	kˀ ,kˀ,ɡ/∅,kʰ,∅,k,k/ɡ,ɡ	ˀk	k
9	kˀ	#_	kˀ ,kˀ,ɡ/∅,kʰ,∅,k,k/ɡ,ɡ	k	ɡ
9	kˀ	#_	kˀ ,kˀ,ɡ/∅,kʰ,∅,k,k/ɡ,ɡ	kˀ	ˀk
9	kˀ	#_	kˀ ,kˀ,ɡ/∅,kʰ,∅,k,k/ɡ,ɡ	ˀk	ɡˀ
9	kˀ	#_	kˀ ,kˀ,ɡ/∅,kʰ,∅,k,k/ɡ,ɡ	ɡˀ	ɠ
9	kˀ	#_	kˀ ,kˀ,ɡ/∅,kʰ,∅,k,k/ɡ,ɡ	ɠ	ɠˀ
9	kˀ	#_	kˀ ,kˀ,ɡ/∅,kʰ,∅,k,k/ɡ,ɡ	ɠˀ	ˀɡ
9	kˀ	#_	kˀ ,kˀ,ɡ/∅,kʰ,∅,k,k/ɡ,ɡ	ˀɡ	ɡ
9	kˀ	#_	kˀ ,kˀ,ɡ/∅,kʰ,∅,k,k/ɡ,ɡ	kˀ	ˀk
9	kˀ	#_	kˀ ,kˀ,ɡ/∅,kʰ,∅,k,k/ɡ,ɡ	ˀk	k
9	kˀ	#_	kˀ ,kˀ,ɡ/∅,kʰ,∅,k,k/ɡ,ɡ	k	ɡ
10	kˀ	V_V	kʰ,∅,k,k/ɡ,ɡ	kˀ	ˀk
10	kˀ	V_V	kʰ,∅,k,k/ɡ,ɡ	ˀk	k
10	kˀ	V_V	kʰ,∅,k,k/ɡ,ɡ	k	kʰˀ
10	kˀ	V_V	kʰ,∅,k,k/ɡ,ɡ	kʰˀ	kʰ
10	kˀ	V_V	kʰ,∅,k,k/ɡ,ɡ	kˀ	ˀk
10	kˀ	V_V	kʰ,∅,k,k/ɡ,ɡ	ˀk	∅
10	kˀ	V_V	kʰ,∅,k,k/ɡ,ɡ	kˀ	ˀk
10	kˀ	V_V	kʰ,∅,k,k/ɡ,ɡ	ˀk	k
10	kˀ	V_V	kʰ,∅,k,k/ɡ,ɡ	kˀ	ˀk
10	kˀ	V_V	kʰ,∅,k,k/ɡ,ɡ	ˀk	k
10	kˀ	V_V	kʰ,∅,k,k/ɡ,ɡ	kˀ	ˀk
10	kˀ	V_V	kʰ,∅,k,k/ɡ,ɡ	ˀk	ɡˀ
10	kˀ	V_V	kʰ,∅,k,k/ɡ,ɡ	ɡˀ	ɠ
10	kˀ	V_V	kʰ,∅,k,k/ɡ,ɡ	ɠ	ɠˀ
10	kˀ	V_V	kʰ,∅,k,k/ɡ,ɡ	ɠˀ	ˀɡ
10	kˀ	V_V	kʰ,∅,k,k/ɡ,ɡ	ˀɡ	ɡ
10	kˀ	V_V	kʰ,∅,k,k/ɡ,ɡ	kˀ	ˀk
10	kˀ	V_V	kʰ,∅,k,k/ɡ,ɡ	ˀk	k
10	kˀ	V_V	kʰ,∅,k,k/ɡ,ɡ	k	ɡ
10	kˀ	V_V	kʰ,∅,k,k/ɡ,ɡ	kˀ	ˀk
10	kˀ	V_V	kʰ,∅,k,k/ɡ,ɡ	ˀk	ɡˀ
10	kˀ	V_V	kʰ,∅,k,k/ɡ,ɡ	ɡˀ	ɠ
10	kˀ	V_V	kʰ,∅,k,k/ɡ,ɡ	ɠ	ɠˀ
10	kˀ	V_V	kʰ,∅,k,k/ɡ,ɡ	ɠˀ	ˀɡ
10	kˀ	V_V	kʰ,∅,k,k/ɡ,ɡ	ˀɡ	ɡ
10	kˀ	V_V	kʰ,∅,k,k/ɡ,ɡ	kˀ	ˀk
10	kˀ	V_V	kʰ,∅,k,k/ɡ,ɡ	ˀk	k
10	kˀ	V_V	kʰ,∅,k,k/ɡ,ɡ	k	ɡ
11	m		b,m	m	b
12	n		n,d	n	d
13	p	#_	h,p/ɸ,pʰ,p	p	h
13	p	#_	h,p/ɸ,pʰ,p	p	ɸ
13	p	#_	h,p/ɸ,pʰ,p	p	pʰˀ
13	p	#_	h,p/ɸ,pʰ,p	pʰˀ	pʰ
14	p	V_V	h,p/ɸ,p	p	h
14	p	V_V	h,p/ɸ,p	p	ɸ
15	pˀ	#_	b,p/b,pˀ,pˀ ,ˀb,p	pˀ	ˀp
15	pˀ	#_	b,p/b,pˀ,pˀ ,ˀb,p	ˀp	ɓ
15	pˀ	#_	b,p/b,pˀ,pˀ ,ˀb,p	ɓ	ˀb
15	pˀ	#_	b,p/b,pˀ,pˀ ,ˀb,p	ˀb	bˀ
15	pˀ	#_	b,p/b,pˀ,pˀ ,ˀb,p	bˀ	ɓˀ
15	pˀ	#_	b,p/b,pˀ,pˀ ,ˀb,p	ɓˀ	b
15	pˀ	#_	b,p/b,pˀ,pˀ ,ˀb,p	pˀ	ˀp
15	pˀ	#_	b,p/b,pˀ,pˀ ,ˀb,p	ˀp	p
15	pˀ	#_	b,p/b,pˀ,pˀ ,ˀb,p	p	b
15	pˀ	#_	b,p/b,pˀ,pˀ ,ˀb,p	pˀ	ˀp
15	pˀ	#_	b,p/b,pˀ,pˀ ,ˀb,p	ˀp	p
15	pˀ	#_	b,p/b,pˀ,pˀ ,ˀb,p	pˀ	ˀp
15	pˀ	#_	b,p/b,pˀ,pˀ ,ˀb,p	ˀp	ɓ
15	pˀ	#_	b,p/b,pˀ,pˀ ,ˀb,p	ɓ	ˀb
15	pˀ	#_	b,p/b,pˀ,pˀ ,ˀb,p	ˀb	bˀ
15	pˀ	#_	b,p/b,pˀ,pˀ ,ˀb,p	bˀ	ɓˀ
15	pˀ	#_	b,p/b,pˀ,pˀ ,ˀb,p	ɓˀ	b
15	pˀ	#_	b,p/b,pˀ,pˀ ,ˀb,p	pˀ	ˀp
15	pˀ	#_	b,p/b,pˀ,pˀ ,ˀb,p	ˀp	p
15	pˀ	#_	b,p/b,pˀ,pˀ ,ˀb,p	p	b
15	pˀ	#_	b,p/b,pˀ,pˀ ,ˀb,p	pˀ	ˀp
15	pˀ	#_	b,p/b,pˀ,pˀ ,ˀb,p	ˀp	ɓˀ
15	pˀ	#_	b,p/b,pˀ,pˀ ,ˀb,p	ɓˀ	bˀ
15	pˀ	#_	b,p/b,pˀ,pˀ ,ˀb,p	bˀ	ɓ
15	pˀ	#_	b,p/b,pˀ,pˀ ,ˀb,p	ɓ	ˀb
15	pˀ	#_	b,p/b,pˀ,pˀ ,ˀb,p	pˀ	ˀp
15	pˀ	#_	b,p/b,pˀ,pˀ ,ˀb,p	ˀp	p
16	pˀ	#_V*p	b,h,p	pˀ	ˀp
16	pˀ	#_V*p	b,h,p	ˀp	ɓ
16	pˀ	#_V*p	b,h,p	ɓ	ˀb
16	pˀ	#_V*p	b,h,p	ˀb	bˀ
16	pˀ	#_V*p	b,h,p	bˀ	ɓˀ
16	pˀ	#_V*p	b,h,p	ɓˀ	b
16	pˀ	#_V*p	b,h,p	pˀ	ˀp
16	pˀ	#_V*p	b,h,p	ˀp	p
16	pˀ	#_V*p	b,h,p	p	b
16	pˀ	#_V*p	b,h,p	pˀ	ˀp
16	pˀ	#_V*p	b,h,p	ˀp	hˀ
16	pˀ	#_V*p	b,h,p	hˀ	h
16	pˀ	#_V*p	b,h,p	pˀ	ˀp
16	pˀ	#_V*p	b,h,p	ˀp	p
16	pˀ	#_V*p	b,h,p	p	h
16	pˀ	#_V*p	b,h,p	pˀ	ˀp
16	pˀ	#_V*p	b,h,p	ˀp	p
17	pˀ	V_V	b,h,p	pˀ	ˀp
17	pˀ	V_V	b,h,p	ˀp	ɓ
17	pˀ	V_V	b,h,p	ɓ	ˀb
17	pˀ	V_V	b,h,p	ˀb	bˀ
17	pˀ	V_V	b,h,p	bˀ	ɓˀ
17	pˀ	V_V	b,h,p	ɓˀ	b
17	pˀ	V_V	b,h,p	pˀ	ˀp
17	pˀ	V_V	b,h,p	ˀp	p
17	pˀ	V_V	b,h,p	p	b
17	pˀ	V_V	b,h,p	pˀ	ˀp
17	pˀ	V_V	b,h,p	ˀp	hˀ
17	pˀ	V_V	b,h,p	hˀ	h
17	pˀ	V_V	b,h,p	pˀ	ˀp
17	pˀ	V_V	b,h,p	ˀp	p
17	pˀ	V_V	b,h,p	p	h
17	pˀ	V_V	b,h,p	pˀ	ˀp
17	pˀ	V_V	b,h,p	ˀp	p
18	pˀ	~V_V	b,h	pˀ	ˀp
18	pˀ	~V_V	b,h	ˀp	ɓ
18	pˀ	~V_V	b,h	ɓ	ˀb
18	pˀ	~V_V	b,h	ˀb	bˀ
18	pˀ	~V_V	b,h	bˀ	ɓˀ
18	pˀ	~V_V	b,h	ɓˀ	b
18	pˀ	~V_V	b,h	pˀ	ˀp
18	pˀ	~V_V	b,h	ˀp	p
18	pˀ	~V_V	b,h	p	b
18	pˀ	~V_V	b,h	pˀ	ˀp
18	pˀ	~V_V	b,h	ˀp	hˀ
18	pˀ	~V_V	b,h	hˀ	h
18	pˀ	~V_V	b,h	pˀ	ˀp
18	pˀ	~V_V	b,h	ˀp	p
18	pˀ	~V_V	b,h	p	h
19	s	#_	s,h,tʃ	s	ʂ
19	s	#_	s,h,tʃ	ʂ	h
19	s	#_	s,h,tʃ	s	θ
19	s	#_	s,h,tʃ	θ	t̪
19	s	#_	s,h,tʃ	t̪	t͡ʃ
19	s	#_	s,h,tʃ	s	t
19	s	#_	s,h,tʃ	t	t̪
19	s	#_	s,h,tʃ	t̪	t͡ʃ
19	s	#_	s,h,tʃ	s	θ
19	s	#_	s,h,tʃ	θ	ʃ
19	s	#_	s,h,tʃ	ʃ	t͡ʃ
19	s	#_	s,h,tʃ	s	t
19	s	#_	s,h,tʃ	t	t͡s
19	s	#_	s,h,tʃ	t͡s	t͡ʃ
19	s	#_	s,h,tʃ	s	t
19	s	#_	s,h,tʃ	t	ʈ
19	s	#_	s,h,tʃ	ʈ	t͡ʃ
19	s	#_	s,h,tʃ	s	ʂ
19	s	#_	s,h,tʃ	ʂ	ʃ
19	s	#_	s,h,tʃ	ʃ	t͡ʃ
20	s	V_V	s,h,s/tʃ,tʃ	s	ʂ
20	s	V_V	s,h,s/tʃ,tʃ	ʂ	h
20	s	V_V	s,h,s/tʃ,tʃ	s	θ
20	s	V_V	s,h,s/tʃ,tʃ	θ	t̪
20	s	V_V	s,h,s/tʃ,tʃ	t̪	t͡ʃ
20	s	V_V	s,h,s/tʃ,tʃ	s	t
20	s	V_V	s,h,s/tʃ,tʃ	t	t̪
20	s	V_V	s,h,s/tʃ,tʃ	t̪	t͡ʃ
20	s	V_V	s,h,s/tʃ,tʃ	s	θ
20	s	V_V	s,h,s/tʃ,tʃ	θ	ʃ
20	s	V_V	s,h,s/tʃ,tʃ	ʃ	t͡ʃ
20	s	V_V	s,h,s/tʃ,tʃ	s	t
20	s	V_V	s,h,s/tʃ,tʃ	t	t͡s
20	s	V_V	s,h,s/tʃ,tʃ	t͡s	t͡ʃ
20	s	V_V	s,h,s/tʃ,tʃ	s	t
20	s	V_V	s,h,s/tʃ,tʃ	t	ʈ
20	s	V_V	s,h,s/tʃ,tʃ	ʈ	t͡ʃ
20	s	V_V	s,h,s/tʃ,tʃ	s	ʂ
20	s	V_V	s,h,s/tʃ,tʃ	ʂ	ʃ
20	s	V_V	s,h,s/tʃ,tʃ	ʃ	t͡ʃ
20	s	V_V	s,h,s/tʃ,tʃ	s	θ
20	s	V_V	s,h,s/tʃ,tʃ	θ	t̪
20	s	V_V	s,h,s/tʃ,tʃ	t̪	t͡ʃ
20	s	V_V	s,h,s/tʃ,tʃ	s	t
20	s	V_V	s,h,s/tʃ,tʃ	t	t̪
20	s	V_V	s,h,s/tʃ,tʃ	t̪	t͡ʃ
20	s	V_V	s,h,s/tʃ,tʃ	s	θ
20	s	V_V	s,h,s/tʃ,tʃ	θ	ʃ
20	s	V_V	s,h,s/tʃ,tʃ	ʃ	t͡ʃ
20	s	V_V	s,h,s/tʃ,tʃ	s	t
20	s	V_V	s,h,s/tʃ,tʃ	t	t͡s
20	s	V_V	s,h,s/tʃ,tʃ	t͡s	t͡ʃ
20	s	V_V	s,h,s/tʃ,tʃ	s	t
20	s	V_V	s,h,s/tʃ,tʃ	t	ʈ
20	s	V_V	s,h,s/tʃ,tʃ	ʈ	t͡ʃ
20	s	V_V	s,h,s/tʃ,tʃ	s	ʂ
20	s	V_V	s,h,s/tʃ,tʃ	ʂ	ʃ
20	s	V_V	s,h,s/tʃ,tʃ	ʃ	t͡ʃ
21	t	#_	tʰ,t	t	tʰˀ
21	t	#_	tʰ,t	tʰˀ	tʰ
22	t	V_V	tʰ,t,d	t	tʰˀ
22	t	V_V	tʰ,t,d	tʰˀ	tʰ
22	t	V_V	tʰ,t,d	t	d
23	t	~V_V	n,tʰ,t,d	t	n̥ˀ
23	t	~V_V	n,tʰ,t,d	n̥ˀ	n̥
23	t	~V_V	n,tʰ,t,d	n̥	n
23	t	~V_V	n,tʰ,t,d	t	d
23	t	~V_V	n,tʰ,t,d	d	n
23	t	~V_V	n,tʰ,t,d	t	tʰˀ
23	t	~V_V	n,tʰ,t,d	tʰˀ	tʰ
23	t	~V_V	n,tʰ,t,d	t	d
24	ts 	#_	j,s,h,ts/s,s/tʃ,t/s	t͡s	t
24	ts 	#_	j,s,h,ts/s,s/tʃ,t/s	t	s
24	ts 	#_	j,s,h,ts/s,s/tʃ,t/s	s	ʂ
24	ts 	#_	j,s,h,ts/s,s/tʃ,t/s	ʂ	ɻ̥ˀ
24	ts 	#_	j,s,h,ts/s,s/tʃ,t/s	ɻ̥ˀ	ɻ̥
24	ts 	#_	j,s,h,ts/s,s/tʃ,t/s	ɻ̥	ɻ
24	ts 	#_	j,s,h,ts/s,s/tʃ,t/s	ɻ	j
24	ts 	#_	j,s,h,ts/s,s/tʃ,t/s	t͡s	t
24	ts 	#_	j,s,h,ts/s,s/tʃ,t/s	t	ʈ
24	ts 	#_	j,s,h,ts/s,s/tʃ,t/s	ʈ	ʂ
24	ts 	#_	j,s,h,ts/s,s/tʃ,t/s	ʂ	ɻ̥
24	ts 	#_	j,s,h,ts/s,s/tʃ,t/s	ɻ̥	ɻ̥ˀ
24	ts 	#_	j,s,h,ts/s,s/tʃ,t/s	ɻ̥ˀ	ɻ
24	ts 	#_	j,s,h,ts/s,s/tʃ,t/s	ɻ	j
24	ts 	#_	j,s,h,ts/s,s/tʃ,t/s	t͡s	d͡z
24	ts 	#_	j,s,h,ts/s,s/tʃ,t/s	d͡z	d
24	ts 	#_	j,s,h,ts/s,s/tʃ,t/s	d	z
24	ts 	#_	j,s,h,ts/s,s/tʃ,t/s	z	ʐ
24	ts 	#_	j,s,h,ts/s,s/tʃ,t/s	ʐ	ʝ
24	ts 	#_	j,s,h,ts/s,s/tʃ,t/s	ʝ	j
24	ts 	#_	j,s,h,ts/s,s/tʃ,t/s	t͡s	t
24	ts 	#_	j,s,h,ts/s,s/tʃ,t/s	t	ʈ
24	ts 	#_	j,s,h,ts/s,s/tʃ,t/s	ʈ	c
24	ts 	#_	j,s,h,ts/s,s/tʃ,t/s	c	ɟ
24	ts 	#_	j,s,h,ts/s,s/tʃ,t/s	ɟ	ʝ
24	ts 	#_	j,s,h,ts/s,s/tʃ,t/s	ʝ	j
24	ts 	#_	j,s,h,ts/s,s/tʃ,t/s	t͡s	t
24	ts 	#_	j,s,h,ts/s,s/tʃ,t/s	t	tʲ
24	ts 	#_	j,s,h,ts/s,s/tʃ,t/s	tʲ	c
24	ts 	#_	j,s,h,ts/s,s/tʃ,t/s	c	ç
24	ts 	#_	j,s,h,ts/s,s/tʃ,t/s	ç	ʝ
24	ts 	#_	j,s,h,ts/s,s/tʃ,t/s	ʝ	j
24	ts 	#_	j,s,h,ts/s,s/tʃ,t/s	t͡s	t
24	ts 	#_	j,s,h,ts/s,s/tʃ,t/s	t	d
24	ts 	#_	j,s,h,ts/s,s/tʃ,t/s	d	z
24	ts 	#_	j,s,h,ts/s,s/tʃ,t/s	z	ʐ
24	ts 	#_	j,s,h,ts/s,s/tʃ,t/s	ʐ	ɦ
24	ts 	#_	j,s,h,ts/s,s/tʃ,t/s	ɦ	j
24	ts 	#_	j,s,h,ts/s,s/tʃ,t/s	t͡s	t
24	ts 	#_	j,s,h,ts/s,s/tʃ,t/s	t	d
24	ts 	#_	j,s,h,ts/s,s/tʃ,t/s	d	ɖ
24	ts 	#_	j,s,h,ts/s,s/tʃ,t/s	ɖ	ʐ
24	ts 	#_	j,s,h,ts/s,s/tʃ,t/s	ʐ	ɦ
24	ts 	#_	j,s,h,ts/s,s/tʃ,t/s	ɦ	j
24	ts 	#_	j,s,h,ts/s,s/tʃ,t/s	t͡s	t
24	ts 	#_	j,s,h,ts/s,s/tʃ,t/s	t	h
24	ts 	#_	j,s,h,ts/s,s/tʃ,t/s	h	ɦ
24	ts 	#_	j,s,h,ts/s,s/tʃ,t/s	ɦ	j
24	ts 	#_	j,s,h,ts/s,s/tʃ,t/s	t͡s	t
24	ts 	#_	j,s,h,ts/s,s/tʃ,t/s	t	s
24	ts 	#_	j,s,h,ts/s,s/tʃ,t/s	t͡s	t
24	ts 	#_	j,s,h,ts/s,s/tʃ,t/s	t	h
24	ts 	#_	j,s,h,ts/s,s/tʃ,t/s	t͡s	t
24	ts 	#_	j,s,h,ts/s,s/tʃ,t/s	t	s
24	ts 	#_	j,s,h,ts/s,s/tʃ,t/s	t͡s	t
24	ts 	#_	j,s,h,ts/s,s/tʃ,t/s	t	s
24	ts 	#_	j,s,h,ts/s,s/tʃ,t/s	t͡s	t͡ʃ
24	ts 	#_	j,s,h,ts/s,s/tʃ,t/s	t͡s	t
24	ts 	#_	j,s,h,ts/s,s/tʃ,t/s	t͡s	t
24	ts 	#_	j,s,h,ts/s,s/tʃ,t/s	t	s
25	ts 	V_V	ts,t,s,h,tʃ	t͡s	t
25	ts 	V_V	ts,t,s,h,tʃ	t͡s	t
25	ts 	V_V	ts,t,s,h,tʃ	t	s
25	ts 	V_V	ts,t,s,h,tʃ	t͡s	t
25	ts 	V_V	ts,t,s,h,tʃ	t	h
25	ts 	V_V	ts,t,s,h,tʃ	t͡s	t͡ʃ
26	tsˀ	#_	j,d,h,sˀ	t͡s	t
26	tsˀ	#_	j,d,h,sˀ	t	s
26	tsˀ	#_	j,d,h,sˀ	s	ʂ
26	tsˀ	#_	j,d,h,sˀ	ʂ	ɻ̥ˀ
26	tsˀ	#_	j,d,h,sˀ	ɻ̥ˀ	ɻ̥
26	tsˀ	#_	j,d,h,sˀ	ɻ̥	ɻ
26	tsˀ	#_	j,d,h,sˀ	ɻ	j
26	tsˀ	#_	j,d,h,sˀ	t͡s	t
26	tsˀ	#_	j,d,h,sˀ	t	ʈ
26	tsˀ	#_	j,d,h,sˀ	ʈ	ʂ
26	tsˀ	#_	j,d,h,sˀ	ʂ	ɻ̥
26	tsˀ	#_	j,d,h,sˀ	ɻ̥	ɻ̥ˀ
26	tsˀ	#_	j,d,h,sˀ	ɻ̥ˀ	ɻ
26	tsˀ	#_	j,d,h,sˀ	ɻ	j
26	tsˀ	#_	j,d,h,sˀ	t͡s	d͡z
26	tsˀ	#_	j,d,h,sˀ	d͡z	d
26	tsˀ	#_	j,d,h,sˀ	d	z
26	tsˀ	#_	j,d,h,sˀ	z	ʐ
26	tsˀ	#_	j,d,h,sˀ	ʐ	ʝ
26	tsˀ	#_	j,d,h,sˀ	ʝ	j
26	tsˀ	#_	j,d,h,sˀ	t͡s	t
26	tsˀ	#_	j,d,h,sˀ	t	ʈ
26	tsˀ	#_	j,d,h,sˀ	ʈ	c
26	tsˀ	#_	j,d,h,sˀ	c	ɟ
26	tsˀ	#_	j,d,h,sˀ	ɟ	ʝ
26	tsˀ	#_	j,d,h,sˀ	ʝ	j
26	tsˀ	#_	j,d,h,sˀ	t͡s	t
26	tsˀ	#_	j,d,h,sˀ	t	tʲ
26	tsˀ	#_	j,d,h,sˀ	tʲ	c
26	tsˀ	#_	j,d,h,sˀ	c	ç
26	tsˀ	#_	j,d,h,sˀ	ç	ʝ
26	tsˀ	#_	j,d,h,sˀ	ʝ	j
26	tsˀ	#_	j,d,h,sˀ	t͡s	t
26	tsˀ	#_	j,d,h,sˀ	t	d
26	tsˀ	#_	j,d,h,sˀ	d	z
26	tsˀ	#_	j,d,h,sˀ	z	ʐ
26	tsˀ	#_	j,d,h,sˀ	ʐ	ɦ
26	tsˀ	#_	j,d,h,sˀ	ɦ	j
26	tsˀ	#_	j,d,h,sˀ	t͡s	t
26	tsˀ	#_	j,d,h,sˀ	t	d
26	tsˀ	#_	j,d,h,sˀ	d	ɖ
26	tsˀ	#_	j,d,h,sˀ	ɖ	ʐ
26	tsˀ	#_	j,d,h,sˀ	ʐ	ɦ
26	tsˀ	#_	j,d,h,sˀ	ɦ	j
26	tsˀ	#_	j,d,h,sˀ	t͡s	t
26	tsˀ	#_	j,d,h,sˀ	t	h
26	tsˀ	#_	j,d,h,sˀ	h	ɦ
26	tsˀ	#_	j,d,h,sˀ	ɦ	j
26	tsˀ	#_	j,d,h,sˀ	t͡s	d͡z
26	tsˀ	#_	j,d,h,sˀ	d͡z	d
26	tsˀ	#_	j,d,h,sˀ	t͡s	t
26	tsˀ	#_	j,d,h,sˀ	t	d
26	tsˀ	#_	j,d,h,sˀ	t͡s	t
26	tsˀ	#_	j,d,h,sˀ	t	h
26	tsˀ	#_	j,d,h,sˀ	t͡s	t͡sˀ
26	tsˀ	#_	j,d,h,sˀ	t͡sˀ	tˀ
26	tsˀ	#_	j,d,h,sˀ	tˀ	ˀt
26	tsˀ	#_	j,d,h,sˀ	ˀt	ˀs
26	tsˀ	#_	j,d,h,sˀ	ˀs	sˀ
26	tsˀ	#_	j,d,h,sˀ	t͡s	t
26	tsˀ	#_	j,d,h,sˀ	t	ˀt
26	tsˀ	#_	j,d,h,sˀ	ˀt	tˀ
26	tsˀ	#_	j,d,h,sˀ	tˀ	ˀs
26	tsˀ	#_	j,d,h,sˀ	ˀs	sˀ
26	tsˀ	#_	j,d,h,sˀ	t͡s	t
26	tsˀ	#_	j,d,h,sˀ	t	s
26	tsˀ	#_	j,d,h,sˀ	s	ˀs
26	tsˀ	#_	j,d,h,sˀ	ˀs	sˀ
27	tsˀ	#_i	sˀ,j,h,d,r,r/l	t͡s	t͡sˀ
27	tsˀ	#_i	sˀ,j,h,d,r,r/l	t͡sˀ	tˀ
27	tsˀ	#_i	sˀ,j,h,d,r,r/l	tˀ	ˀt
27	tsˀ	#_i	sˀ,j,h,d,r,r/l	ˀt	ˀs
27	tsˀ	#_i	sˀ,j,h,d,r,r/l	ˀs	sˀ
27	tsˀ	#_i	sˀ,j,h,d,r,r/l	t͡s	t
27	tsˀ	#_i	sˀ,j,h,d,r,r/l	t	ˀt
27	tsˀ	#_i	sˀ,j,h,d,r,r/l	ˀt	tˀ
27	tsˀ	#_i	sˀ,j,h,d,r,r/l	tˀ	ˀs
27	tsˀ	#_i	sˀ,j,h,d,r,r/l	ˀs	sˀ
27	tsˀ	#_i	sˀ,j,h,d,r,r/l	t͡s	t
27	tsˀ	#_i	sˀ,j,h,d,r,r/l	t	s
27	tsˀ	#_i	sˀ,j,h,d,r,r/l	s	ˀs
27	tsˀ	#_i	sˀ,j,h,d,r,r/l	ˀs	sˀ
27	tsˀ	#_i	sˀ,j,h,d,r,r/l	t͡s	t
27	tsˀ	#_i	sˀ,j,h,d,r,r/l	t	s
27	tsˀ	#_i	sˀ,j,h,d,r,r/l	s	ʂ
27	tsˀ	#_i	sˀ,j,h,d,r,r/l	ʂ	ɻ̥ˀ
27	tsˀ	#_i	sˀ,j,h,d,r,r/l	ɻ̥ˀ	ɻ̥
27	tsˀ	#_i	sˀ,j,h,d,r,r/l	ɻ̥	ɻ
27	tsˀ	#_i	sˀ,j,h,d,r,r/l	ɻ	j
27	tsˀ	#_i	sˀ,j,h,d,r,r/l	t͡s	t
27	tsˀ	#_i	sˀ,j,h,d,r,r/l	t	ʈ
27	tsˀ	#_i	sˀ,j,h,d,r,r/l	ʈ	ʂ
27	tsˀ	#_i	sˀ,j,h,d,r,r/l	ʂ	ɻ̥
27	tsˀ	#_i	sˀ,j,h,d,r,r/l	ɻ̥	ɻ̥ˀ
27	tsˀ	#_i	sˀ,j,h,d,r,r/l	ɻ̥ˀ	ɻ
27	tsˀ	#_i	sˀ,j,h,d,r,r/l	ɻ	j
27	tsˀ	#_i	sˀ,j,h,d,r,r/l	t͡s	d͡z
27	tsˀ	#_i	sˀ,j,h,d,r,r/l	d͡z	d
27	tsˀ	#_i	sˀ,j,h,d,r,r/l	d	z
27	tsˀ	#_i	sˀ,j,h,d,r,r/l	z	ʐ
27	tsˀ	#_i	sˀ,j,h,d,r,r/l	ʐ	ʝ
27	tsˀ	#_i	sˀ,j,h,d,r,r/l	ʝ	j
27	tsˀ	#_i	sˀ,j,h,d,r,r/l	t͡s	t
27	tsˀ	#_i	sˀ,j,h,d,r,r/l	t	ʈ
27	tsˀ	#_i	sˀ,j,h,d,r,r/l	ʈ	c
27	tsˀ	#_i	sˀ,j,h,d,r,r/l	c	ɟ
27	tsˀ	#_i	sˀ,j,h,d,r,r/l	ɟ	ʝ
27	tsˀ	#_i	sˀ,j,h,d,r,r/l	ʝ	j
27	tsˀ	#_i	sˀ,j,h,d,r,r/l	t͡s	t
27	tsˀ	#_i	sˀ,j,h,d,r,r/l	t	tʲ
27	tsˀ	#_i	sˀ,j,h,d,r,r/l	tʲ	c
27	tsˀ	#_i	sˀ,j,h,d,r,r/l	c	ç
27	tsˀ	#_i	sˀ,j,h,d,r,r/l	ç	ʝ
27	tsˀ	#_i	sˀ,j,h,d,r,r/l	ʝ	j
27	tsˀ	#_i	sˀ,j,h,d,r,r/l	t͡s	t
27	tsˀ	#_i	sˀ,j,h,d,r,r/l	t	d
27	tsˀ	#_i	sˀ,j,h,d,r,r/l	d	z
27	tsˀ	#_i	sˀ,j,h,d,r,r/l	z	ʐ
27	tsˀ	#_i	sˀ,j,h,d,r,r/l	ʐ	ɦ
27	tsˀ	#_i	sˀ,j,h,d,r,r/l	ɦ	j
27	tsˀ	#_i	sˀ,j,h,d,r,r/l	t͡s	t
27	tsˀ	#_i	sˀ,j,h,d,r,r/l	t	d
27	tsˀ	#_i	sˀ,j,h,d,r,r/l	d	ɖ
27	tsˀ	#_i	sˀ,j,h,d,r,r/l	ɖ	ʐ
27	tsˀ	#_i	sˀ,j,h,d,r,r/l	ʐ	ɦ
27	tsˀ	#_i	sˀ,j,h,d,r,r/l	ɦ	j
27	tsˀ	#_i	sˀ,j,h,d,r,r/l	t͡s	t
27	tsˀ	#_i	sˀ,j,h,d,r,r/l	t	h
27	tsˀ	#_i	sˀ,j,h,d,r,r/l	h	ɦ
27	tsˀ	#_i	sˀ,j,h,d,r,r/l	ɦ	j
27	tsˀ	#_i	sˀ,j,h,d,r,r/l	t͡s	t
27	tsˀ	#_i	sˀ,j,h,d,r,r/l	t	h
27	tsˀ	#_i	sˀ,j,h,d,r,r/l	t͡s	d͡z
27	tsˀ	#_i	sˀ,j,h,d,r,r/l	d͡z	d
27	tsˀ	#_i	sˀ,j,h,d,r,r/l	t͡s	t
27	tsˀ	#_i	sˀ,j,h,d,r,r/l	t	d
27	tsˀ	#_i	sˀ,j,h,d,r,r/l	t͡s	r̥ˀ
27	tsˀ	#_i	sˀ,j,h,d,r,r/l	r̥ˀ	r̥
27	tsˀ	#_i	sˀ,j,h,d,r,r/l	r̥	ɾ̥
27	tsˀ	#_i	sˀ,j,h,d,r,r/l	ɾ̥	ɾ̥ˀ
27	tsˀ	#_i	sˀ,j,h,d,r,r/l	ɾ̥ˀ	ɾ
27	tsˀ	#_i	sˀ,j,h,d,r,r/l	ɾ	r
27	tsˀ	#_i	sˀ,j,h,d,r,r/l	t͡s	d͡z
27	tsˀ	#_i	sˀ,j,h,d,r,r/l	d͡z	ɾ
27	tsˀ	#_i	sˀ,j,h,d,r,r/l	ɾ	r
27	tsˀ	#_i	sˀ,j,h,d,r,r/l	t͡s	r̥ˀ
27	tsˀ	#_i	sˀ,j,h,d,r,r/l	r̥ˀ	r̥
27	tsˀ	#_i	sˀ,j,h,d,r,r/l	r̥	ɾ̥
27	tsˀ	#_i	sˀ,j,h,d,r,r/l	ɾ̥	ɾ̥ˀ
27	tsˀ	#_i	sˀ,j,h,d,r,r/l	ɾ̥ˀ	ɾ
27	tsˀ	#_i	sˀ,j,h,d,r,r/l	ɾ	r
27	tsˀ	#_i	sˀ,j,h,d,r,r/l	t͡s	d͡z
27	tsˀ	#_i	sˀ,j,h,d,r,r/l	d͡z	ɾ
27	tsˀ	#_i	sˀ,j,h,d,r,r/l	ɾ	r
27	tsˀ	#_i	sˀ,j,h,d,r,r/l	t͡s	t
27	tsˀ	#_i	sˀ,j,h,d,r,r/l	t	s
27	tsˀ	#_i	sˀ,j,h,d,r,r/l	s	l̥
27	tsˀ	#_i	sˀ,j,h,d,r,r/l	l̥	l̥ˀ
27	tsˀ	#_i	sˀ,j,h,d,r,r/l	l̥ˀ	l
27	tsˀ	#_i	sˀ,j,h,d,r,r/l	t͡s	d͡z
27	tsˀ	#_i	sˀ,j,h,d,r,r/l	d͡z	d
27	tsˀ	#_i	sˀ,j,h,d,r,r/l	d	z
27	tsˀ	#_i	sˀ,j,h,d,r,r/l	z	l
28	tː	V_V	tʰ,t/tʃ,t	tː	tʰː
28	tː	V_V	tʰ,t/tʃ,t	tʰː	tʰˀ
28	tː	V_V	tʰ,t/tʃ,t	tʰˀ	tʰ
28	tː	V_V	tʰ,t/tʃ,t	tː	t
28	tː	V_V	tʰ,t/tʃ,t	t	tʰˀ
28	tː	V_V	tʰ,t/tʃ,t	tʰˀ	tʰ
28	tː	V_V	tʰ,t/tʃ,t	tː	t
28	tː	V_V	tʰ,t/tʃ,t	tː	ʈː
28	tː	V_V	tʰ,t/tʃ,t	ʈː	ʈ
28	tː	V_V	tʰ,t/tʃ,t	ʈ	t͡ʃ
28	tː	V_V	tʰ,t/tʃ,t	tː	t̪ː
28	tː	V_V	tʰ,t/tʃ,t	t̪ː	t͡ʃː
28	tː	V_V	tʰ,t/tʃ,t	t͡ʃː	t͡ʃ
28	tː	V_V	tʰ,t/tʃ,t	tː	t͡sː
28	tː	V_V	tʰ,t/tʃ,t	t͡sː	t͡ʃː
28	tː	V_V	tʰ,t/tʃ,t	t͡ʃː	t͡ʃ
28	tː	V_V	tʰ,t/tʃ,t	tː	t͡sː
28	tː	V_V	tʰ,t/tʃ,t	t͡sː	t͡s
28	tː	V_V	tʰ,t/tʃ,t	t͡s	t͡ʃ
28	tː	V_V	tʰ,t/tʃ,t	tː	t
28	tː	V_V	tʰ,t/tʃ,t	t	t̪
28	tː	V_V	tʰ,t/tʃ,t	t̪	t͡ʃ
28	tː	V_V	tʰ,t/tʃ,t	tː	t
29	tˀ	#_	ɖ,ˀd,d,r,r/l	tˀ	ˀt
29	tˀ	#_	ɖ,ˀd,d,r,r/l	ˀt	ˀd
29	tˀ	#_	ɖ,ˀd,d,r,r/l	ˀd	ɗ
29	tˀ	#_	ɖ,ˀd,d,r,r/l	ɗ	dˀ
29	tˀ	#_	ɖ,ˀd,d,r,r/l	dˀ	ɗˀ
29	tˀ	#_	ɖ,ˀd,d,r,r/l	ɗˀ	d
29	tˀ	#_	ɖ,ˀd,d,r,r/l	d	ɖ
29	tˀ	#_	ɖ,ˀd,d,r,r/l	tˀ	ˀt
29	tˀ	#_	ɖ,ˀd,d,r,r/l	ˀt	ɗ
29	tˀ	#_	ɖ,ˀd,d,r,r/l	ɗ	dˀ
29	tˀ	#_	ɖ,ˀd,d,r,r/l	dˀ	ˀd
29	tˀ	#_	ɖ,ˀd,d,r,r/l	ˀd	ɗˀ
29	tˀ	#_	ɖ,ˀd,d,r,r/l	ɗˀ	ɖˀ
29	tˀ	#_	ɖ,ˀd,d,r,r/l	ɖˀ	ɖ
29	tˀ	#_	ɖ,ˀd,d,r,r/l	tˀ	ˀt
29	tˀ	#_	ɖ,ˀd,d,r,r/l	ˀt	t
29	tˀ	#_	ɖ,ˀd,d,r,r/l	t	d
29	tˀ	#_	ɖ,ˀd,d,r,r/l	d	ɖ
29	tˀ	#_	ɖ,ˀd,d,r,r/l	tˀ	ˀt
29	tˀ	#_	ɖ,ˀd,d,r,r/l	ˀt	ʈˀ
29	tˀ	#_	ɖ,ˀd,d,r,r/l	ʈˀ	ʈ
29	tˀ	#_	ɖ,ˀd,d,r,r/l	ʈ	ɖ
29	tˀ	#_	ɖ,ˀd,d,r,r/l	tˀ	ˀt
29	tˀ	#_	ɖ,ˀd,d,r,r/l	ˀt	ɗˀ
29	tˀ	#_	ɖ,ˀd,d,r,r/l	ɗˀ	dˀ
29	tˀ	#_	ɖ,ˀd,d,r,r/l	dˀ	ɗ
29	tˀ	#_	ɖ,ˀd,d,r,r/l	ɗ	ˀd
29	tˀ	#_	ɖ,ˀd,d,r,r/l	tˀ	ˀt
29	tˀ	#_	ɖ,ˀd,d,r,r/l	ˀt	ɗˀ
29	tˀ	#_	ɖ,ˀd,d,r,r/l	ɗˀ	ˀd
29	tˀ	#_	ɖ,ˀd,d,r,r/l	ˀd	ɗ
29	tˀ	#_	ɖ,ˀd,d,r,r/l	ɗ	dˀ
29	tˀ	#_	ɖ,ˀd,d,r,r/l	dˀ	d
29	tˀ	#_	ɖ,ˀd,d,r,r/l	tˀ	ˀt
29	tˀ	#_	ɖ,ˀd,d,r,r/l	ˀt	t
29	tˀ	#_	ɖ,ˀd,d,r,r/l	t	d
29	tˀ	#_	ɖ,ˀd,d,r,r/l	tˀ	ˀt
29	tˀ	#_	ɖ,ˀd,d,r,r/l	ˀt	ɗˀ
29	tˀ	#_	ɖ,ˀd,d,r,r/l	ɗˀ	ˀd
29	tˀ	#_	ɖ,ˀd,d,r,r/l	ˀd	dˀ
29	tˀ	#_	ɖ,ˀd,d,r,r/l	dˀ	ɗ
29	tˀ	#_	ɖ,ˀd,d,r,r/l	ɗ	zˀ
29	tˀ	#_	ɖ,ˀd,d,r,r/l	zˀ	ˀɾ
29	tˀ	#_	ɖ,ˀd,d,r,r/l	ˀɾ	rˀ
29	tˀ	#_	ɖ,ˀd,d,r,r/l	rˀ	ɾ
29	tˀ	#_	ɖ,ˀd,d,r,r/l	ɾ	r
29	tˀ	#_	ɖ,ˀd,d,r,r/l	tˀ	ˀt
29	tˀ	#_	ɖ,ˀd,d,r,r/l	ˀt	sˀ
29	tˀ	#_	ɖ,ˀd,d,r,r/l	sˀ	ˀs
29	tˀ	#_	ɖ,ˀd,d,r,r/l	ˀs	s
29	tˀ	#_	ɖ,ˀd,d,r,r/l	s	ɾ̥
29	tˀ	#_	ɖ,ˀd,d,r,r/l	ɾ̥	r̥
29	tˀ	#_	ɖ,ˀd,d,r,r/l	r̥	r̥ˀ
29	tˀ	#_	ɖ,ˀd,d,r,r/l	r̥ˀ	ɾ̥ˀ
29	tˀ	#_	ɖ,ˀd,d,r,r/l	ɾ̥ˀ	ɾ
29	tˀ	#_	ɖ,ˀd,d,r,r/l	ɾ	r
29	tˀ	#_	ɖ,ˀd,d,r,r/l	tˀ	ˀt
29	tˀ	#_	ɖ,ˀd,d,r,r/l	ˀt	t
29	tˀ	#_	ɖ,ˀd,d,r,r/l	t	s
29	tˀ	#_	ɖ,ˀd,d,r,r/l	s	r̥
29	tˀ	#_	ɖ,ˀd,d,r,r/l	r̥	ɾ̥
29	tˀ	#_	ɖ,ˀd,d,r,r/l	ɾ̥	r̥ˀ
29	tˀ	#_	ɖ,ˀd,d,r,r/l	r̥ˀ	ɾ̥ˀ
29	tˀ	#_	ɖ,ˀd,d,r,r/l	ɾ̥ˀ	ɾ
29	tˀ	#_	ɖ,ˀd,d,r,r/l	ɾ	r
29	tˀ	#_	ɖ,ˀd,d,r,r/l	tˀ	ˀt
29	tˀ	#_	ɖ,ˀd,d,r,r/l	ˀt	ɗˀ
29	tˀ	#_	ɖ,ˀd,d,r,r/l	ɗˀ	ˀd
29	tˀ	#_	ɖ,ˀd,d,r,r/l	ˀd	dˀ
29	tˀ	#_	ɖ,ˀd,d,r,r/l	dˀ	ɗ
29	tˀ	#_	ɖ,ˀd,d,r,r/l	ɗ	zˀ
29	tˀ	#_	ɖ,ˀd,d,r,r/l	zˀ	ˀɾ
29	tˀ	#_	ɖ,ˀd,d,r,r/l	ˀɾ	rˀ
29	tˀ	#_	ɖ,ˀd,d,r,r/l	rˀ	ɾ
29	tˀ	#_	ɖ,ˀd,d,r,r/l	ɾ	r
29	tˀ	#_	ɖ,ˀd,d,r,r/l	tˀ	ˀt
29	tˀ	#_	ɖ,ˀd,d,r,r/l	ˀt	sˀ
29	tˀ	#_	ɖ,ˀd,d,r,r/l	sˀ	ˀs
29	tˀ	#_	ɖ,ˀd,d,r,r/l	ˀs	s
29	tˀ	#_	ɖ,ˀd,d,r,r/l	s	ɾ̥
29	tˀ	#_	ɖ,ˀd,d,r,r/l	ɾ̥	r̥
29	tˀ	#_	ɖ,ˀd,d,r,r/l	r̥	r̥ˀ
29	tˀ	#_	ɖ,ˀd,d,r,r/l	r̥ˀ	ɾ̥ˀ
29	tˀ	#_	ɖ,ˀd,d,r,r/l	ɾ̥ˀ	ɾ
29	tˀ	#_	ɖ,ˀd,d,r,r/l	ɾ	r
29	tˀ	#_	ɖ,ˀd,d,r,r/l	tˀ	ˀt
29	tˀ	#_	ɖ,ˀd,d,r,r/l	ˀt	t
29	tˀ	#_	ɖ,ˀd,d,r,r/l	t	s
29	tˀ	#_	ɖ,ˀd,d,r,r/l	s	r̥
29	tˀ	#_	ɖ,ˀd,d,r,r/l	r̥	ɾ̥
29	tˀ	#_	ɖ,ˀd,d,r,r/l	ɾ̥	r̥ˀ
29	tˀ	#_	ɖ,ˀd,d,r,r/l	r̥ˀ	ɾ̥ˀ
29	tˀ	#_	ɖ,ˀd,d,r,r/l	ɾ̥ˀ	ɾ
29	tˀ	#_	ɖ,ˀd,d,r,r/l	ɾ	r
29	tˀ	#_	ɖ,ˀd,d,r,r/l	tˀ	ˀt
29	tˀ	#_	ɖ,ˀd,d,r,r/l	ˀt	ˀd
29	tˀ	#_	ɖ,ˀd,d,r,r/l	ˀd	dˀ
29	tˀ	#_	ɖ,ˀd,d,r,r/l	dˀ	ɗˀ
29	tˀ	#_	ɖ,ˀd,d,r,r/l	ɗˀ	ɗ
29	tˀ	#_	ɖ,ˀd,d,r,r/l	ɗ	zˀ
29	tˀ	#_	ɖ,ˀd,d,r,r/l	zˀ	lˀ
29	tˀ	#_	ɖ,ˀd,d,r,r/l	lˀ	l
29	tˀ	#_	ɖ,ˀd,d,r,r/l	tˀ	ˀt
29	tˀ	#_	ɖ,ˀd,d,r,r/l	ˀt	ɗˀ
29	tˀ	#_	ɖ,ˀd,d,r,r/l	ɗˀ	ɗ
29	tˀ	#_	ɖ,ˀd,d,r,r/l	ɗ	dˀ
29	tˀ	#_	ɖ,ˀd,d,r,r/l	dˀ	ˀd
29	tˀ	#_	ɖ,ˀd,d,r,r/l	ˀd	zˀ
29	tˀ	#_	ɖ,ˀd,d,r,r/l	zˀ	z
29	tˀ	#_	ɖ,ˀd,d,r,r/l	z	l
29	tˀ	#_	ɖ,ˀd,d,r,r/l	tˀ	ˀt
29	tˀ	#_	ɖ,ˀd,d,r,r/l	ˀt	ɗ
29	tˀ	#_	ɖ,ˀd,d,r,r/l	ɗ	dˀ
29	tˀ	#_	ɖ,ˀd,d,r,r/l	dˀ	ɗˀ
29	tˀ	#_	ɖ,ˀd,d,r,r/l	ɗˀ	ˀd
29	tˀ	#_	ɖ,ˀd,d,r,r/l	ˀd	d
29	tˀ	#_	ɖ,ˀd,d,r,r/l	d	z
29	tˀ	#_	ɖ,ˀd,d,r,r/l	z	l
29	tˀ	#_	ɖ,ˀd,d,r,r/l	tˀ	ˀt
29	tˀ	#_	ɖ,ˀd,d,r,r/l	ˀt	ˀs
29	tˀ	#_	ɖ,ˀd,d,r,r/l	ˀs	sˀ
29	tˀ	#_	ɖ,ˀd,d,r,r/l	sˀ	s
29	tˀ	#_	ɖ,ˀd,d,r,r/l	s	l̥
29	tˀ	#_	ɖ,ˀd,d,r,r/l	l̥	l̥ˀ
29	tˀ	#_	ɖ,ˀd,d,r,r/l	l̥ˀ	l
29	tˀ	#_	ɖ,ˀd,d,r,r/l	tˀ	ˀt
29	tˀ	#_	ɖ,ˀd,d,r,r/l	ˀt	t
29	tˀ	#_	ɖ,ˀd,d,r,r/l	t	s
29	tˀ	#_	ɖ,ˀd,d,r,r/l	s	l̥ˀ
29	tˀ	#_	ɖ,ˀd,d,r,r/l	l̥ˀ	l̥
29	tˀ	#_	ɖ,ˀd,d,r,r/l	l̥	l
30	tˀ	V_V	t/l,tʰ,t,d	tˀ	ˀt
30	tˀ	V_V	t/l,tʰ,t,d	ˀt	t
30	tˀ	V_V	t/l,tʰ,t,d	tˀ	ˀt
30	tˀ	V_V	t/l,tʰ,t,d	ˀt	ˀd
30	tˀ	V_V	t/l,tʰ,t,d	ˀd	dˀ
30	tˀ	V_V	t/l,tʰ,t,d	dˀ	ɗˀ
30	tˀ	V_V	t/l,tʰ,t,d	ɗˀ	ɗ
30	tˀ	V_V	t/l,tʰ,t,d	ɗ	zˀ
30	tˀ	V_V	t/l,tʰ,t,d	zˀ	lˀ
30	tˀ	V_V	t/l,tʰ,t,d	lˀ	l
30	tˀ	V_V	t/l,tʰ,t,d	tˀ	ˀt
30	tˀ	V_V	t/l,tʰ,t,d	ˀt	ɗˀ
30	tˀ	V_V	t/l,tʰ,t,d	ɗˀ	ɗ
30	tˀ	V_V	t/l,tʰ,t,d	ɗ	dˀ
30	tˀ	V_V	t/l,tʰ,t,d	dˀ	ˀd
30	tˀ	V_V	t/l,tʰ,t,d	ˀd	zˀ
30	tˀ	V_V	t/l,tʰ,t,d	zˀ	z
30	tˀ	V_V	t/l,tʰ,t,d	z	l
30	tˀ	V_V	t/l,tʰ,t,d	tˀ	ˀt
30	tˀ	V_V	t/l,tʰ,t,d	ˀt	ɗ
30	tˀ	V_V	t/l,tʰ,t,d	ɗ	dˀ
30	tˀ	V_V	t/l,tʰ,t,d	dˀ	ɗˀ
30	tˀ	V_V	t/l,tʰ,t,d	ɗˀ	ˀd
30	tˀ	V_V	t/l,tʰ,t,d	ˀd	d
30	tˀ	V_V	t/l,tʰ,t,d	d	z
30	tˀ	V_V	t/l,tʰ,t,d	z	l
30	tˀ	V_V	t/l,tʰ,t,d	tˀ	ˀt
30	tˀ	V_V	t/l,tʰ,t,d	ˀt	ˀs
30	tˀ	V_V	t/l,tʰ,t,d	ˀs	sˀ
30	tˀ	V_V	t/l,tʰ,t,d	sˀ	s
30	tˀ	V_V	t/l,tʰ,t,d	s	l̥
30	tˀ	V_V	t/l,tʰ,t,d	l̥	l̥ˀ
30	tˀ	V_V	t/l,tʰ,t,d	l̥ˀ	l
30	tˀ	V_V	t/l,tʰ,t,d	tˀ	ˀt
30	tˀ	V_V	t/l,tʰ,t,d	ˀt	t
30	tˀ	V_V	t/l,tʰ,t,d	t	s
30	tˀ	V_V	t/l,tʰ,t,d	s	l̥ˀ
30	tˀ	V_V	t/l,tʰ,t,d	l̥ˀ	l̥
30	tˀ	V_V	t/l,tʰ,t,d	l̥	l
30	tˀ	V_V	t/l,tʰ,t,d	tˀ	ˀt
30	tˀ	V_V	t/l,tʰ,t,d	ˀt	t
30	tˀ	V_V	t/l,tʰ,t,d	t	tʰˀ
30	tˀ	V_V	t/l,tʰ,t,d	tʰˀ	tʰ
30	tˀ	V_V	t/l,tʰ,t,d	tˀ	ˀt
30	tˀ	V_V	t/l,tʰ,t,d	ˀt	t
30	tˀ	V_V	t/l,tʰ,t,d	tˀ	ˀt
30	tˀ	V_V	t/l,tʰ,t,d	ˀt	ɗˀ
30	tˀ	V_V	t/l,tʰ,t,d	ɗˀ	ˀd
30	tˀ	V_V	t/l,tʰ,t,d	ˀd	ɗ
30	tˀ	V_V	t/l,tʰ,t,d	ɗ	dˀ
30	tˀ	V_V	t/l,tʰ,t,d	dˀ	d
30	tˀ	V_V	t/l,tʰ,t,d	tˀ	ˀt
30	tˀ	V_V	t/l,tʰ,t,d	ˀt	t
30	tˀ	V_V	t/l,tʰ,t,d	t	d
31	tˀ	~V_V	n,d,r,t	tˀ	ˀt
31	tˀ	~V_V	n,d,r,t	ˀt	ɗ
31	tˀ	~V_V	n,d,r,t	ɗ	ˀd
31	tˀ	~V_V	n,d,r,t	ˀd	dˀ
31	tˀ	~V_V	n,d,r,t	dˀ	ɗˀ
31	tˀ	~V_V	n,d,r,t	ɗˀ	ˀn
31	tˀ	~V_V	n,d,r,t	ˀn	nˀ
31	tˀ	~V_V	n,d,r,t	nˀ	n
31	tˀ	~V_V	n,d,r,t	tˀ	ˀt
31	tˀ	~V_V	n,d,r,t	ˀt	ɗ
31	tˀ	~V_V	n,d,r,t	ɗ	ɗˀ
31	tˀ	~V_V	n,d,r,t	ɗˀ	ˀd
31	tˀ	~V_V	n,d,r,t	ˀd	dˀ
31	tˀ	~V_V	n,d,r,t	dˀ	d
31	tˀ	~V_V	n,d,r,t	d	n
31	tˀ	~V_V	n,d,r,t	tˀ	ˀt
31	tˀ	~V_V	n,d,r,t	ˀt	t
31	tˀ	~V_V	n,d,r,t	t	n̥
31	tˀ	~V_V	n,d,r,t	n̥	n̥ˀ
31	tˀ	~V_V	n,d,r,t	n̥ˀ	n
31	tˀ	~V_V	n,d,r,t	tˀ	ˀt
31	tˀ	~V_V	n,d,r,t	ˀt	ɗˀ
31	tˀ	~V_V	n,d,r,t	ɗˀ	ˀd
31	tˀ	~V_V	n,d,r,t	ˀd	ɗ
31	tˀ	~V_V	n,d,r,t	ɗ	dˀ
31	tˀ	~V_V	n,d,r,t	dˀ	d
31	tˀ	~V_V	n,d,r,t	tˀ	ˀt
31	tˀ	~V_V	n,d,r,t	ˀt	t
31	tˀ	~V_V	n,d,r,t	t	d
31	tˀ	~V_V	n,d,r,t	tˀ	ˀt
31	tˀ	~V_V	n,d,r,t	ˀt	ɗˀ
31	tˀ	~V_V	n,d,r,t	ɗˀ	ˀd
31	tˀ	~V_V	n,d,r,t	ˀd	dˀ
31	tˀ	~V_V	n,d,r,t	dˀ	ɗ
31	tˀ	~V_V	n,d,r,t	ɗ	zˀ
31	tˀ	~V_V	n,d,r,t	zˀ	ˀɾ
31	tˀ	~V_V	n,d,r,t	ˀɾ	rˀ
31	tˀ	~V_V	n,d,r,t	rˀ	ɾ
31	tˀ	~V_V	n,d,r,t	ɾ	r
31	tˀ	~V_V	n,d,r,t	tˀ	ˀt
31	tˀ	~V_V	n,d,r,t	ˀt	sˀ
31	tˀ	~V_V	n,d,r,t	sˀ	ˀs
31	tˀ	~V_V	n,d,r,t	ˀs	s
31	tˀ	~V_V	n,d,r,t	s	ɾ̥
31	tˀ	~V_V	n,d,r,t	ɾ̥	r̥
31	tˀ	~V_V	n,d,r,t	r̥	r̥ˀ
31	tˀ	~V_V	n,d,r,t	r̥ˀ	ɾ̥ˀ
31	tˀ	~V_V	n,d,r,t	ɾ̥ˀ	ɾ
31	tˀ	~V_V	n,d,r,t	ɾ	r
31	tˀ	~V_V	n,d,r,t	tˀ	ˀt
31	tˀ	~V_V	n,d,r,t	ˀt	t
31	tˀ	~V_V	n,d,r,t	t	s
31	tˀ	~V_V	n,d,r,t	s	r̥
31	tˀ	~V_V	n,d,r,t	r̥	ɾ̥
31	tˀ	~V_V	n,d,r,t	ɾ̥	r̥ˀ
31	tˀ	~V_V	n,d,r,t	r̥ˀ	ɾ̥ˀ
31	tˀ	~V_V	n,d,r,t	ɾ̥ˀ	ɾ
31	tˀ	~V_V	n,d,r,t	ɾ	r
31	tˀ	~V_V	n,d,r,t	tˀ	ˀt
31	tˀ	~V_V	n,d,r,t	ˀt	t
32	tʃ	#_	s,h,t,tʃ	t͡ʃ	t̪
32	tʃ	#_	s,h,t,tʃ	t̪	θ
32	tʃ	#_	s,h,t,tʃ	θ	s
32	tʃ	#_	s,h,t,tʃ	t͡ʃ	ʈ
32	tʃ	#_	s,h,t,tʃ	ʈ	ʂ
32	tʃ	#_	s,h,t,tʃ	ʂ	s
32	tʃ	#_	s,h,t,tʃ	t͡ʃ	ʃ
32	tʃ	#_	s,h,t,tʃ	ʃ	ʂ
32	tʃ	#_	s,h,t,tʃ	ʂ	s
32	tʃ	#_	s,h,t,tʃ	t͡ʃ	t͡s
32	tʃ	#_	s,h,t,tʃ	t͡s	t
32	tʃ	#_	s,h,t,tʃ	t	s
32	tʃ	#_	s,h,t,tʃ	t͡ʃ	ʃ
32	tʃ	#_	s,h,t,tʃ	ʃ	h
32	tʃ	#_	s,h,t,tʃ	t͡ʃ	t̪
32	tʃ	#_	s,h,t,tʃ	t̪	t
32	tʃ	#_	s,h,t,tʃ	t͡ʃ	t͡s
32	tʃ	#_	s,h,t,tʃ	t͡s	t
32	tʃ	#_	s,h,t,tʃ	t͡ʃ	ʈ
32	tʃ	#_	s,h,t,tʃ	ʈ	t
33	w		w,b	w	ɡ͡b
33	w		w,b	ɡ͡b	b
34	ʔ		∅,ʔ,∅/ʔ,∅/h	ʔ	∅
34	ʔ		∅,ʔ,∅/ʔ,∅/h	ʔ	∅
34	ʔ		∅,ʔ,∅/ʔ,∅/h	ʔ	∅
34	ʔ		∅,ʔ,∅/ʔ,∅/h	ʔ	hˀ
34	ʔ		∅,ʔ,∅/ʔ,∅/h	hˀ	h
